conversation_id,item,human_score,classifier_score
coaching_10082,agenda,0,2
coaching_11206,agenda,0,2
coaching_11341,agenda,0,3
coaching_12437,agenda,0,2
coaching_12461,agenda,0,2
coaching_12599,agenda,2,2
coaching_12602,agenda,1,4
coaching_12753,agenda,0,2
coaching_13006,agenda,3,3
coaching_13413,agenda,0,2
coaching_13540,agenda,0,2
coaching_13813,agenda,1,2
coaching_14053,agenda,0,2
coaching_14068,agenda,0,2
coaching_14251,agenda,0,2
coaching_14575,agenda,0,2
coaching_14964,agenda,0,2
coaching_14967,agenda,1,2
coaching_15558,agenda,0,2
coaching_15775,agenda,0,2
coaching_15808,agenda,0,2
coaching_15881,agenda,0,2
coaching_16203,agenda,0,3
coaching_16442,agenda,0,3
coaching_16555,agenda,4,2
coaching_16595,agenda,0,2
coaching_16615,agenda,1,2
coaching_16649,agenda,1,3
coaching_16754,agenda,0,2
coaching_16834,agenda,0,2
coaching_16948,agenda,0,2
coaching_17692,agenda,1,2
coaching_17728,agenda,0,2
coaching_1810,agenda,0,2
coaching_18105,agenda,0,2
coaching_182,agenda,0,2
coaching_18233,agenda,0,2
coaching_18320,agenda,0,3
coaching_18764,agenda,0,2
coaching_18970,agenda,0,2
coaching_19019,agenda,1,2
coaching_19351,agenda,1,2
coaching_19681,agenda,0,2
coaching_20504,agenda,1,4
coaching_20991,agenda,0,2
coaching_21142,agenda,0,2
coaching_21609,agenda,2,2
coaching_22319,agenda,2,2
coaching_22352,agenda,0,2
coaching_22357,agenda,0,2
coaching_22426,agenda,0,2
coaching_2479,agenda,0,2
coaching_2762,agenda,1,2
coaching_2815,agenda,0,2
coaching_2914,agenda,0,2
coaching_2975,agenda,0,2
coaching_2985,agenda,0,2
coaching_3077,agenda,0,2
coaching_3591,agenda,0,2
coaching_3724,agenda,0,2
coaching_4206,agenda,0,2
coaching_4422,agenda,0,2
coaching_4640,agenda,1,3
coaching_4743,agenda,0,2
coaching_5702,agenda,0,4
coaching_6016,agenda,2,2
coaching_6056,agenda,0,2
coaching_6296,agenda,0,2
coaching_6315,agenda,0,2
coaching_65,agenda,0,2
coaching_6562,agenda,0,2
coaching_6602,agenda,0,2
coaching_6878,agenda,0,2
coaching_6879,agenda,0,2
coaching_6905,agenda,0,3
coaching_7291,agenda,0,2
coaching_7588,agenda,0,2
coaching_8296,agenda,4,3
coaching_8521,agenda,1,2
coaching_9,agenda,0,2
coaching_9244,agenda,1,2
coaching_9804,agenda,0,2
gptchats_12568,agenda,0,2
gptchats_13113,agenda,0,2
gptchats_14663,agenda,0,2
gptchats_15316,agenda,0,2
gptchats_16299,agenda,1,2
gptchats_1639,agenda,0,2
gptchats_17476,agenda,0,2
gptchats_20901,agenda,0,2
gptchats_22140,agenda,0,2
gptchats_22310,agenda,0,2
gptchats_24281,agenda,1,0
gptchats_27259,agenda,0,2
gptchats_27586,agenda,0,2
gptchats_27983,agenda,1,2
gptchats_28009,agenda,0,2
gptchats_28340,agenda,1,0
gptchats_2867,agenda,0,2
gptchats_29760,agenda,2,2
gptchats_30255,agenda,1,2
gptchats_30732,agenda,1,2
gptchats_35588,agenda,0,2
gptchats_36795,agenda,0,2
gptchats_3847,agenda,0,2
gptchats_4378,agenda,0,2
gptchats_45951,agenda,0,2
gptchats_48626,agenda,0,2
gptchats_48713,agenda,0,2
gptchats_49728,agenda,0,2
gptchats_51176,agenda,0,2
gptchats_52983,agenda,1,2
gptchats_5925,agenda,0,2
gptchats_60674,agenda,0,2
gptchats_60862,agenda,0,2
gptchats_61082,agenda,0,2
gptchats_65190,agenda,0,2
gptchats_66708,agenda,0,2
gptchats_67331,agenda,0,2
gptchats_67808,agenda,0,2
gptchats_68183,agenda,0,2
gptchats_72125,agenda,0,2
gptchats_7442,agenda,0,2
gptchats_75011,agenda,0,2
gptchats_75922,agenda,1,2
gptchats_778,agenda,0,2
gptchats_7896,agenda,0,2
gptchats_9583,agenda,0,2
coaching_10082,feedback,3,2
coaching_11206,feedback,0,2
coaching_11341,feedback,0,3
coaching_12437,feedback,4,2
coaching_12461,feedback,0,2
coaching_12599,feedback,0,2
coaching_12602,feedback,3,3
coaching_12753,feedback,0,2
coaching_13006,feedback,5,3
coaching_13413,feedback,0,2
coaching_13540,feedback,2,3
coaching_13813,feedback,4,2
coaching_14053,feedback,4,2
coaching_14068,feedback,0,2
coaching_14251,feedback,2,2
coaching_14575,feedback,3,2
coaching_14964,feedback,0,2
coaching_14967,feedback,4,3
coaching_15558,feedback,3,2
coaching_15775,feedback,1,0
coaching_15808,feedback,5,2
coaching_15881,feedback,0,2
coaching_16203,feedback,2,3
coaching_16442,feedback,5,3
coaching_16555,feedback,4,2
coaching_16595,feedback,2,2
coaching_16615,feedback,2,2
coaching_16649,feedback,4,3
coaching_16754,feedback,0,2
coaching_16834,feedback,0,2
coaching_16948,feedback,0,2
coaching_17692,feedback,2,2
coaching_17728,feedback,4,2
coaching_1810,feedback,2,2
coaching_18105,feedback,0,2
coaching_182,feedback,4,3
coaching_18233,feedback,2,2
coaching_18320,feedback,4,3
coaching_18764,feedback,2,2
coaching_18970,feedback,4,2
coaching_19019,feedback,2,2
coaching_19351,feedback,3,3
coaching_19681,feedback,0,2
coaching_20504,feedback,4,3
coaching_20991,feedback,2,2
coaching_21142,feedback,0,2
coaching_21609,feedback,2,2
coaching_22319,feedback,4,2
coaching_22352,feedback,2,2
coaching_22357,feedback,0,2
coaching_22426,feedback,0,0
coaching_2479,feedback,4,2
coaching_2762,feedback,4,2
coaching_2815,feedback,0,2
coaching_2914,feedback,2,2
coaching_2975,feedback,0,2
coaching_2985,feedback,0,2
coaching_3077,feedback,0,2
coaching_3591,feedback,0,2
coaching_3724,feedback,0,2
coaching_4206,feedback,0,2
coaching_4422,feedback,2,2
coaching_4640,feedback,6,3
coaching_4743,feedback,0,2
coaching_5702,feedback,4,3
coaching_6016,feedback,3,2
coaching_6056,feedback,2,3
coaching_6296,feedback,2,2
coaching_6315,feedback,4,2
coaching_65,feedback,0,2
coaching_6562,feedback,0,2
coaching_6602,feedback,2,2
coaching_6878,feedback,2,2
coaching_6879,feedback,3,2
coaching_6905,feedback,0,3
coaching_7291,feedback,3,2
coaching_7588,feedback,3,2
coaching_8296,feedback,6,2
coaching_8521,feedback,4,2
coaching_9,feedback,4,2
coaching_9244,feedback,1,2
coaching_9804,feedback,0,2
gptchats_12568,feedback,5,2
gptchats_13113,feedback,0,2
gptchats_14663,feedback,4,2
gptchats_15316,feedback,0,2
gptchats_16299,feedback,3,2
gptchats_1639,feedback,2,0
gptchats_17476,feedback,0,2
gptchats_20901,feedback,0,2
gptchats_22140,feedback,4,2
gptchats_22310,feedback,4,2
gptchats_24281,feedback,3,1
gptchats_27259,feedback,0,2
gptchats_27586,feedback,0,2
gptchats_27983,feedback,4,2
gptchats_28009,feedback,4,2
gptchats_28340,feedback,2,0
gptchats_2867,feedback,0,2
gptchats_29760,feedback,3,1
gptchats_30255,feedback,3,2
gptchats_30732,feedback,2,2
gptchats_35588,feedback,5,0
gptchats_36795,feedback,3,0
gptchats_3847,feedback,2,2
gptchats_4378,feedback,0,0
gptchats_45951,feedback,2,2
gptchats_48626,feedback,4,0
gptchats_48713,feedback,3,2
gptchats_49728,feedback,0,2
gptchats_51176,feedback,0,0
gptchats_52983,feedback,3,2
gptchats_5925,feedback,0,0
gptchats_60674,feedback,0,2
gptchats_60862,feedback,0,2
gptchats_61082,feedback,0,0
gptchats_65190,feedback,0,0
gptchats_66708,feedback,0,2
gptchats_67331,feedback,2,2
gptchats_67808,feedback,2,0
gptchats_68183,feedback,0,0
gptchats_72125,feedback,1,2
gptchats_7442,feedback,0,1
gptchats_75011,feedback,2,2
gptchats_75922,feedback,4,2
gptchats_778,feedback,2,2
gptchats_7896,feedback,0,0
gptchats_9583,feedback,0,2
coaching_10082,understanding,3,3
coaching_11206,understanding,2,3
coaching_11341,understanding,2,3
coaching_12437,understanding,4,3
coaching_12461,understanding,2,3
coaching_12599,understanding,4,3
coaching_12602,understanding,4,4
coaching_12753,understanding,2,3
coaching_13006,understanding,5,4
coaching_13413,understanding,4,3
coaching_13540,understanding,2,4
coaching_13813,understanding,4,3
coaching_14053,understanding,3,3
coaching_14068,understanding,4,3
coaching_14251,understanding,3,3
coaching_14575,understanding,1,3
coaching_14964,understanding,2,3
coaching_14967,understanding,5,3
coaching_15558,understanding,3,3
coaching_15775,understanding,0,4
coaching_15808,understanding,5,3
coaching_15881,understanding,2,3
coaching_16203,understanding,2,4
coaching_16442,understanding,4,4
coaching_16555,understanding,4,3
coaching_16595,understanding,2,3
coaching_16615,understanding,5,3
coaching_16649,understanding,4,4
coaching_16754,understanding,2,3
coaching_16834,understanding,0,3
coaching_16948,understanding,2,3
coaching_17692,understanding,2,3
coaching_17728,understanding,4,3
coaching_1810,understanding,3,3
coaching_18105,understanding,2,3
coaching_182,understanding,4,3
coaching_18233,understanding,2,4
coaching_18320,understanding,4,4
coaching_18764,understanding,2,3
coaching_18970,understanding,3,3
coaching_19019,understanding,3,3
coaching_19351,understanding,4,3
coaching_19681,understanding,1,3
coaching_20504,understanding,5,4
coaching_20991,understanding,4,3
coaching_21142,understanding,0,3
coaching_21609,understanding,3,3
coaching_22319,understanding,4,3
coaching_22352,understanding,4,3
coaching_22357,understanding,0,3
coaching_22426,understanding,2,3
coaching_2479,understanding,4,3
coaching_2762,understanding,4,3
coaching_2815,understanding,2,3
coaching_2914,understanding,3,3
coaching_2975,understanding,2,3
coaching_2985,understanding,4,3
coaching_3077,understanding,6,3
coaching_3591,understanding,2,3
coaching_3724,understanding,4,3
coaching_4206,understanding,0,3
coaching_4422,understanding,0,3
coaching_4640,understanding,6,4
coaching_4743,understanding,2,3
coaching_5702,understanding,3,4
coaching_6016,understanding,3,3
coaching_6056,understanding,2,3
coaching_6296,understanding,4,3
coaching_6315,understanding,4,4
coaching_65,understanding,4,3
coaching_6562,understanding,2,3
coaching_6602,understanding,2,4
coaching_6878,understanding,2,3
coaching_6879,understanding,3,3
coaching_6905,understanding,0,4
coaching_7291,understanding,4,4
coaching_7588,understanding,2,4
coaching_8296,understanding,5,3
coaching_8521,understanding,4,3
coaching_9,understanding,6,3
coaching_9244,understanding,2,3
coaching_9804,understanding,2,3
gptchats_12568,understanding,6,3
gptchats_13113,understanding,4,3
gptchats_14663,understanding,6,3
gptchats_15316,understanding,2,3
gptchats_16299,understanding,4,3
gptchats_1639,understanding,2,2
gptchats_17476,understanding,2,2
gptchats_20901,understanding,2,3
gptchats_22140,understanding,4,3
gptchats_22310,understanding,5,3
gptchats_24281,understanding,4,3
gptchats_27259,understanding,2,3
gptchats_27586,understanding,2,3
gptchats_27983,understanding,4,3
gptchats_28009,understanding,4,3
gptchats_28340,understanding,4,3
gptchats_2867,understanding,6,3
gptchats_29760,understanding,3,2
gptchats_30255,understanding,5,3
gptchats_30732,understanding,4,3
gptchats_35588,understanding,5,3
gptchats_36795,understanding,4,3
gptchats_3847,understanding,2,3
gptchats_4378,understanding,6,3
gptchats_45951,understanding,3,3
gptchats_48626,understanding,4,3
gptchats_48713,understanding,3,3
gptchats_49728,understanding,5,3
gptchats_51176,understanding,4,2
gptchats_52983,understanding,3,3
gptchats_5925,understanding,0,2
gptchats_60674,understanding,4,3
gptchats_60862,understanding,4,3
gptchats_61082,understanding,4,3
gptchats_65190,understanding,0,2
gptchats_66708,understanding,0,3
gptchats_67331,understanding,1,3
gptchats_67808,understanding,1,2
gptchats_68183,understanding,2,2
gptchats_72125,understanding,0,3
gptchats_7442,understanding,2,2
gptchats_75011,understanding,6,3
gptchats_75922,understanding,4,2
gptchats_778,understanding,3,3
gptchats_7896,understanding,4,2
gptchats_9583,understanding,0,3
coaching_10082,interpersonal,3,3
coaching_11206,interpersonal,2,3
coaching_11341,interpersonal,2,3
coaching_12437,interpersonal,4,3
coaching_12461,interpersonal,2,3
coaching_12599,interpersonal,4,3
coaching_12602,interpersonal,4,4
coaching_12753,interpersonal,2,3
coaching_13006,interpersonal,5,4
coaching_13413,interpersonal,2,3
coaching_13540,interpersonal,2,4
coaching_13813,interpersonal,5,3
coaching_14053,interpersonal,3,3
coaching_14068,interpersonal,4,3
coaching_14251,interpersonal,4,3
coaching_14575,interpersonal,2,3
coaching_14964,interpersonal,2,3
coaching_14967,interpersonal,5,3
coaching_15558,interpersonal,4,3
coaching_15775,interpersonal,0,4
coaching_15808,interpersonal,5,3
coaching_15881,interpersonal,2,3
coaching_16203,interpersonal,1,4
coaching_16442,interpersonal,6,3
coaching_16555,interpersonal,5,3
coaching_16595,interpersonal,2,3
coaching_16615,interpersonal,4,3
coaching_16649,interpersonal,4,3
coaching_16754,interpersonal,2,3
coaching_16834,interpersonal,2,3
coaching_16948,interpersonal,2,3
coaching_17692,interpersonal,2,3
coaching_17728,interpersonal,4,3
coaching_1810,interpersonal,4,3
coaching_18105,interpersonal,2,3
coaching_182,interpersonal,4,3
coaching_18233,interpersonal,2,4
coaching_18320,interpersonal,4,3
coaching_18764,interpersonal,2,3
coaching_18970,interpersonal,4,3
coaching_19019,interpersonal,4,3
coaching_19351,interpersonal,4,3
coaching_19681,interpersonal,1,3
coaching_20504,interpersonal,4,4
coaching_20991,interpersonal,4,3
coaching_21142,interpersonal,2,3
coaching_21609,interpersonal,3,3
coaching_22319,interpersonal,5,3
coaching_22352,interpersonal,4,3
coaching_22357,interpersonal,2,3
coaching_22426,interpersonal,4,3
coaching_2479,interpersonal,2,3
coaching_2762,interpersonal,4,3
coaching_2815,interpersonal,2,3
coaching_2914,interpersonal,4,3
coaching_2975,interpersonal,2,3
coaching_2985,interpersonal,2,3
coaching_3077,interpersonal,4,3
coaching_3591,interpersonal,3,3
coaching_3724,interpersonal,2,3
coaching_4206,interpersonal,2,3
coaching_4422,interpersonal,0,3
coaching_4640,interpersonal,6,4
coaching_4743,interpersonal,2,3
coaching_5702,interpersonal,3,4
coaching_6016,interpersonal,3,3
coaching_6056,interpersonal,2,3
coaching_6296,interpersonal,4,3
coaching_6315,interpersonal,4,4
coaching_65,interpersonal,3,3
coaching_6562,interpersonal,2,3
coaching_6602,interpersonal,2,4
coaching_6878,interpersonal,2,3
coaching_6879,interpersonal,3,3
coaching_6905,interpersonal,2,4
coaching_7291,interpersonal,4,4
coaching_7588,interpersonal,2,4
coaching_8296,interpersonal,6,3
coaching_8521,interpersonal,5,3
coaching_9,interpersonal,5,3
coaching_9244,interpersonal,2,3
coaching_9804,interpersonal,2,3
gptchats_12568,interpersonal,5,2
gptchats_13113,interpersonal,2,2
gptchats_14663,interpersonal,6,3
gptchats_15316,interpersonal,2,2
gptchats_16299,interpersonal,4,3
gptchats_1639,interpersonal,3,2
gptchats_17476,interpersonal,2,2
gptchats_20901,interpersonal,2,2
gptchats_22140,interpersonal,5,3
gptchats_22310,interpersonal,5,3
gptchats_24281,interpersonal,4,3
gptchats_27259,interpersonal,2,3
gptchats_27586,interpersonal,2,3
gptchats_27983,interpersonal,4,3
gptchats_28009,interpersonal,4,2
gptchats_28340,interpersonal,5,3
gptchats_2867,interpersonal,6,2
gptchats_29760,interpersonal,3,2
gptchats_30255,interpersonal,4,3
gptchats_30732,interpersonal,4,2
gptchats_35588,interpersonal,5,3
gptchats_36795,interpersonal,3,3
gptchats_3847,interpersonal,3,3
gptchats_4378,interpersonal,6,3
gptchats_45951,interpersonal,3,3
gptchats_48626,interpersonal,5,3
gptchats_48713,interpersonal,4,3
gptchats_49728,interpersonal,6,3
gptchats_51176,interpersonal,4,3
gptchats_52983,interpersonal,4,3
gptchats_5925,interpersonal,2,2
gptchats_60674,interpersonal,4,3
gptchats_60862,interpersonal,4,3
gptchats_61082,interpersonal,2,3
gptchats_65190,interpersonal,2,3
gptchats_66708,interpersonal,2,3
gptchats_67331,interpersonal,2,3
gptchats_67808,interpersonal,3,3
gptchats_68183,interpersonal,2,3
gptchats_72125,interpersonal,2,3
gptchats_7442,interpersonal,2,2
gptchats_75011,interpersonal,4,3
gptchats_75922,interpersonal,5,2
gptchats_778,interpersonal,4,2
gptchats_7896,interpersonal,2,2
gptchats_9583,interpersonal,0,2
coaching_10082,collaboration,3,3
coaching_11206,collaboration,4,3
coaching_11341,collaboration,2,3
coaching_12437,collaboration,3,3
coaching_12461,collaboration,2,2
coaching_12599,collaboration,2,3
coaching_12602,collaboration,4,4
coaching_12753,collaboration,4,3
coaching_13006,collaboration,6,3
coaching_13413,collaboration,4,3
coaching_13540,collaboration,4,3
coaching_13813,collaboration,5,3
coaching_14053,collaboration,3,2
coaching_14068,collaboration,3,2
coaching_14251,collaboration,3,3
coaching_14575,collaboration,1,3
coaching_14964,collaboration,4,3
coaching_14967,collaboration,4,3
coaching_15558,collaboration,2,3
coaching_15775,collaboration,1,4
coaching_15808,collaboration,6,3
coaching_15881,collaboration,2,2
coaching_16203,collaboration,1,3
coaching_16442,collaboration,5,3
coaching_16555,collaboration,5,3
coaching_16595,collaboration,4,2
coaching_16615,collaboration,4,2
coaching_16649,collaboration,5,3
coaching_16754,collaboration,2,3
coaching_16834,collaboration,0,2
coaching_16948,collaboration,2,2
coaching_17692,collaboration,1,2
coaching_17728,collaboration,3,3
coaching_1810,collaboration,2,3
coaching_18105,collaboration,4,3
coaching_182,collaboration,4,3
coaching_18233,collaboration,4,3
coaching_18320,collaboration,4,3
coaching_18764,collaboration,4,3
coaching_18970,collaboration,4,3
coaching_19019,collaboration,2,3
coaching_19351,collaboration,3,3
coaching_19681,collaboration,2,3
coaching_20504,collaboration,4,4
coaching_20991,collaboration,4,3
coaching_21142,collaboration,1,3
coaching_21609,collaboration,3,2
coaching_22319,collaboration,4,2
coaching_22352,collaboration,2,2
coaching_22357,collaboration,2,2
coaching_22426,collaboration,0,2
coaching_2479,collaboration,4,3
coaching_2762,collaboration,3,3
coaching_2815,collaboration,4,3
coaching_2914,collaboration,2,3
coaching_2975,collaboration,2,3
coaching_2985,collaboration,0,3
coaching_3077,collaboration,6,3
coaching_3591,collaboration,3,3
coaching_3724,collaboration,2,3
coaching_4206,collaboration,1,3
coaching_4422,collaboration,1,3
coaching_4640,collaboration,6,3
coaching_4743,collaboration,4,3
coaching_5702,collaboration,4,4
coaching_6016,collaboration,4,3
coaching_6056,collaboration,2,3
coaching_6296,collaboration,3,3
coaching_6315,collaboration,4,3
coaching_65,collaboration,4,3
coaching_6562,collaboration,2,3
coaching_6602,collaboration,4,3
coaching_6878,collaboration,2,3
coaching_6879,collaboration,2,3
coaching_6905,collaboration,2,3
coaching_7291,collaboration,3,3
coaching_7588,collaboration,2,3
coaching_8296,collaboration,5,3
coaching_8521,collaboration,3,2
coaching_9,collaboration,5,3
coaching_9244,collaboration,2,2
coaching_9804,collaboration,4,3
gptchats_12568,collaboration,5,2
gptchats_13113,collaboration,4,2
gptchats_14663,collaboration,5,2
gptchats_15316,collaboration,2,2
gptchats_16299,collaboration,2,2
gptchats_1639,collaboration,2,2
gptchats_17476,collaboration,2,2
gptchats_20901,collaboration,2,2
gptchats_22140,collaboration,4,3
gptchats_22310,collaboration,4,2
gptchats_24281,collaboration,4,2
gptchats_27259,collaboration,0,2
gptchats_27586,collaboration,4,3
gptchats_27983,collaboration,4,2
gptchats_28009,collaboration,2,2
gptchats_28340,collaboration,4,2
gptchats_2867,collaboration,4,2
gptchats_29760,collaboration,4,2
gptchats_30255,collaboration,4,2
gptchats_30732,collaboration,4,2
gptchats_35588,collaboration,5,2
gptchats_36795,collaboration,3,2
gptchats_3847,collaboration,2,3
gptchats_4378,collaboration,4,2
gptchats_45951,collaboration,2,2
gptchats_48626,collaboration,3,2
gptchats_48713,collaboration,3,2
gptchats_49728,collaboration,4,2
gptchats_51176,collaboration,2,2
gptchats_52983,collaboration,2,2
gptchats_5925,collaboration,1,2
gptchats_60674,collaboration,4,2
gptchats_60862,collaboration,4,2
gptchats_61082,collaboration,2,2
gptchats_65190,collaboration,2,2
gptchats_66708,collaboration,2,3
gptchats_67331,collaboration,2,2
gptchats_67808,collaboration,2,2
gptchats_68183,collaboration,2,2
gptchats_72125,collaboration,1,2
gptchats_7442,collaboration,2,2
gptchats_75011,collaboration,3,2
gptchats_75922,collaboration,2,2
gptchats_778,collaboration,2,2
gptchats_7896,collaboration,2,2
gptchats_9583,collaboration,1,2
coaching_10082,pacing,2,3
coaching_11206,pacing,2,3
coaching_11341,pacing,2,3
coaching_12437,pacing,4,3
coaching_12461,pacing,0,2
coaching_12599,pacing,2,3
coaching_12602,pacing,3,4
coaching_12753,pacing,0,3
coaching_13006,pacing,5,3
coaching_13413,pacing,4,3
coaching_13540,pacing,2,3
coaching_13813,pacing,4,3
coaching_14053,pacing,4,3
coaching_14068,pacing,2,2
coaching_14251,pacing,0,3
coaching_14575,pacing,1,3
coaching_14964,pacing,2,3
coaching_14967,pacing,3,3
coaching_15558,pacing,4,3
coaching_15775,pacing,4,4
coaching_15808,pacing,5,3
coaching_15881,pacing,0,2
coaching_16203,pacing,1,3
coaching_16442,pacing,6,3
coaching_16555,pacing,5,3
coaching_16595,pacing,2,3
coaching_16615,pacing,4,3
coaching_16649,pacing,4,3
coaching_16754,pacing,2,3
coaching_16834,pacing,2,3
coaching_16948,pacing,2,3
coaching_17692,pacing,2,3
coaching_17728,pacing,2,3
coaching_1810,pacing,2,3
coaching_18105,pacing,4,3
coaching_182,pacing,3,3
coaching_18233,pacing,2,3
coaching_18320,pacing,4,3
coaching_18764,pacing,2,3
coaching_18970,pacing,3,3
coaching_19019,pacing,2,3
coaching_19351,pacing,4,3
coaching_19681,pacing,0,3
coaching_20504,pacing,2,4
coaching_20991,pacing,4,3
coaching_21142,pacing,0,3
coaching_21609,pacing,3,2
coaching_22319,pacing,5,3
coaching_22352,pacing,2,3
coaching_22357,pacing,1,3
coaching_22426,pacing,0,3
coaching_2479,pacing,4,3
coaching_2762,pacing,3,3
coaching_2815,pacing,2,2
coaching_2914,pacing,2,3
coaching_2975,pacing,2,3
coaching_2985,pacing,2,3
coaching_3077,pacing,3,3
coaching_3591,pacing,2,3
coaching_3724,pacing,2,3
coaching_4206,pacing,0,3
coaching_4422,pacing,0,3
coaching_4640,pacing,6,3
coaching_4743,pacing,2,3
coaching_5702,pacing,2,4
coaching_6016,pacing,4,3
coaching_6056,pacing,2,3
coaching_6296,pacing,2,3
coaching_6315,pacing,4,3
coaching_65,pacing,2,3
coaching_6562,pacing,2,3
coaching_6602,pacing,4,3
coaching_6878,pacing,1,3
coaching_6879,pacing,2,3
coaching_6905,pacing,2,3
coaching_7291,pacing,2,3
coaching_7588,pacing,2,3
coaching_8296,pacing,6,3
coaching_8521,pacing,2,2
coaching_9,pacing,3,3
coaching_9244,pacing,1,3
coaching_9804,pacing,4,3
gptchats_12568,pacing,5,2
gptchats_13113,pacing,2,2
gptchats_14663,pacing,2,2
gptchats_15316,pacing,2,2
gptchats_16299,pacing,3,2
gptchats_1639,pacing,2,2
gptchats_17476,pacing,2,2
gptchats_20901,pacing,2,2
gptchats_22140,pacing,4,3
gptchats_22310,pacing,4,2
gptchats_24281,pacing,3,2
gptchats_27259,pacing,0,2
gptchats_27586,pacing,2,2
gptchats_27983,pacing,4,3
gptchats_28009,pacing,2,2
gptchats_28340,pacing,2,2
gptchats_2867,pacing,4,2
gptchats_29760,pacing,2,2
gptchats_30255,pacing,4,2
gptchats_30732,pacing,4,2
gptchats_35588,pacing,4,2
gptchats_36795,pacing,0,2
gptchats_3847,pacing,0,2
gptchats_4378,pacing,4,2
gptchats_45951,pacing,1,3
gptchats_48626,pacing,2,2
gptchats_48713,pacing,2,3
gptchats_49728,pacing,0,2
gptchats_51176,pacing,1,2
gptchats_52983,pacing,1,2
gptchats_5925,pacing,0,2
gptchats_60674,pacing,2,2
gptchats_60862,pacing,0,3
gptchats_61082,pacing,2,2
gptchats_65190,pacing,0,2
gptchats_66708,pacing,0,3
gptchats_67331,pacing,0,2
gptchats_67808,pacing,1,2
gptchats_68183,pacing,0,2
gptchats_72125,pacing,0,2
gptchats_7442,pacing,2,2
gptchats_75011,pacing,2,3
gptchats_75922,pacing,3,2
gptchats_778,pacing,3,2
gptchats_7896,pacing,0,2
gptchats_9583,pacing,0,2
coaching_10082,discovery,3,3
coaching_11206,discovery,2,3
coaching_11341,discovery,2,3
coaching_12437,discovery,3,3
coaching_12461,discovery,2,2
coaching_12599,discovery,2,3
coaching_12602,discovery,4,4
coaching_12753,discovery,2,3
coaching_13006,discovery,5,3
coaching_13413,discovery,4,3
coaching_13540,discovery,4,3
coaching_13813,discovery,5,3
coaching_14053,discovery,2,2
coaching_14068,discovery,3,2
coaching_14251,discovery,3,3
coaching_14575,discovery,2,3
coaching_14964,discovery,2,3
coaching_14967,discovery,3,3
coaching_15558,discovery,4,3
coaching_15775,discovery,2,4
coaching_15808,discovery,5,3
coaching_15881,discovery,2,2
coaching_16203,discovery,2,3
coaching_16442,discovery,4,3
coaching_16555,discovery,5,3
coaching_16595,discovery,2,2
coaching_16615,discovery,4,2
coaching_16649,discovery,4,3
coaching_16754,discovery,4,3
coaching_16834,discovery,2,2
coaching_16948,discovery,2,2
coaching_17692,discovery,2,2
coaching_17728,discovery,3,3
coaching_1810,discovery,2,3
coaching_18105,discovery,4,3
coaching_182,discovery,2,3
coaching_18233,discovery,4,3
coaching_18320,discovery,4,3
coaching_18764,discovery,4,3
coaching_18970,discovery,3,2
coaching_19019,discovery,3,3
coaching_19351,discovery,3,3
coaching_19681,discovery,1,2
coaching_20504,discovery,2,3
coaching_20991,discovery,4,2
coaching_21142,discovery,0,2
coaching_21609,discovery,2,2
coaching_22319,discovery,5,2
coaching_22352,discovery,2,2
coaching_22357,discovery,1,2
coaching_22426,discovery,3,2
coaching_2479,discovery,2,3
coaching_2762,discovery,3,3
coaching_2815,discovery,2,2
coaching_2914,discovery,3,3
coaching_2975,discovery,2,2
coaching_2985,discovery,2,3
coaching_3077,discovery,4,3
coaching_3591,discovery,3,3
coaching_3724,discovery,2,3
coaching_4206,discovery,1,2
coaching_4422,discovery,2,3
coaching_4640,discovery,6,3
coaching_4743,discovery,2,3
coaching_5702,discovery,2,4
coaching_6016,discovery,2,2
coaching_6056,discovery,2,3
coaching_6296,discovery,3,3
coaching_6315,discovery,4,3
coaching_65,discovery,3,3
coaching_6562,discovery,4,3
coaching_6602,discovery,4,3
coaching_6878,discovery,2,3
coaching_6879,discovery,2,3
coaching_6905,discovery,2,3
coaching_7291,discovery,3,3
coaching_7588,discovery,2,3
coaching_8296,discovery,5,3
coaching_8521,discovery,3,2
coaching_9,discovery,5,3
coaching_9244,discovery,1,2
coaching_9804,discovery,4,3
gptchats_12568,discovery,5,2
gptchats_13113,discovery,2,2
gptchats_14663,discovery,4,2
gptchats_15316,discovery,2,2
gptchats_16299,discovery,3,2
gptchats_1639,discovery,1,2
gptchats_17476,discovery,2,2
gptchats_20901,discovery,2,2
gptchats_22140,discovery,3,2
gptchats_22310,discovery,4,2
gptchats_24281,discovery,2,2
gptchats_27259,discovery,0,2
gptchats_27586,discovery,2,2
gptchats_27983,discovery,3,2
gptchats_28009,discovery,3,2
gptchats_28340,discovery,3,2
gptchats_2867,discovery,3,2
gptchats_29760,discovery,2,2
gptchats_30255,discovery,1,2
gptchats_30732,discovery,2,2
gptchats_35588,discovery,5,2
gptchats_36795,discovery,2,2
gptchats_3847,discovery,1,2
gptchats_4378,discovery,4,2
gptchats_45951,discovery,2,2
gptchats_48626,discovery,3,2
gptchats_48713,discovery,3,2
gptchats_49728,discovery,2,2
gptchats_51176,discovery,2,2
gptchats_52983,discovery,2,2
gptchats_5925,discovery,0,2
gptchats_60674,discovery,2,2
gptchats_60862,discovery,2,2
gptchats_61082,discovery,4,2
gptchats_65190,discovery,0,2
gptchats_66708,discovery,1,2
gptchats_67331,discovery,0,2
gptchats_67808,discovery,2,2
gptchats_68183,discovery,2,2
gptchats_72125,discovery,0,2
gptchats_7442,discovery,2,2
gptchats_75011,discovery,4,2
gptchats_75922,discovery,2,2
gptchats_778,discovery,2,2
gptchats_7896,discovery,2,2
gptchats_9583,discovery,1,2
coaching_10082,focus,3,3
coaching_11206,focus,2,3
coaching_11341,focus,1,3
coaching_12437,focus,4,3
coaching_12461,focus,2,2
coaching_12599,focus,4,3
coaching_12602,focus,4,4
coaching_12753,focus,4,3
coaching_13006,focus,5,3
coaching_13413,focus,4,3
coaching_13540,focus,2,3
coaching_13813,focus,4,3
coaching_14053,focus,3,2
coaching_14068,focus,3,2
coaching_14251,focus,1,3
coaching_14575,focus,1,3
coaching_14964,focus,4,3
coaching_14967,focus,4,3
coaching_15558,focus,4,3
coaching_15775,focus,0,4
coaching_15808,focus,4,3
coaching_15881,focus,0,2
coaching_16203,focus,2,3
coaching_16442,focus,4,3
coaching_16555,focus,1,3
coaching_16595,focus,0,2
coaching_16615,focus,0,2
coaching_16649,focus,4,3
coaching_16754,focus,2,3
coaching_16834,focus,0,2
coaching_16948,focus,0,2
coaching_17692,focus,3,2
coaching_17728,focus,2,3
coaching_1810,focus,3,3
coaching_18105,focus,4,3
coaching_182,focus,4,3
coaching_18233,focus,4,3
coaching_18320,focus,4,3
coaching_18764,focus,2,3
coaching_18970,focus,3,2
coaching_19019,focus,2,3
coaching_19351,focus,4,3
coaching_19681,focus,1,2
coaching_20504,focus,3,3
coaching_20991,focus,0,2
coaching_21142,focus,0,2
coaching_21609,focus,2,2
coaching_22319,focus,0,2
coaching_22352,focus,0,2
coaching_22357,focus,0,2
coaching_22426,focus,0,2
coaching_2479,focus,2,3
coaching_2762,focus,2,3
coaching_2815,focus,0,2
coaching_2914,focus,2,3
coaching_2975,focus,2,2
coaching_2985,focus,2,3
coaching_3077,focus,4,3
coaching_3591,focus,4,3
coaching_3724,focus,2,3
coaching_4206,focus,0,2
coaching_4422,focus,1,3
coaching_4640,focus,5,3
coaching_4743,focus,4,3
coaching_5702,focus,4,4
coaching_6016,focus,1,2
coaching_6056,focus,4,3
coaching_6296,focus,3,3
coaching_6315,focus,4,3
coaching_65,focus,4,3
coaching_6562,focus,2,3
coaching_6602,focus,4,3
coaching_6878,focus,2,3
coaching_6879,focus,2,3
coaching_6905,focus,2,3
coaching_7291,focus,2,3
coaching_7588,focus,4,3
coaching_8296,focus,5,3
coaching_8521,focus,4,2
coaching_9,focus,4,3
coaching_9244,focus,2,2
coaching_9804,focus,4,3
gptchats_12568,focus,0,2
gptchats_13113,focus,0,2
gptchats_14663,focus,0,2
gptchats_15316,focus,2,2
gptchats_16299,focus,2,2
gptchats_1639,focus,0,2
gptchats_17476,focus,2,2
gptchats_20901,focus,0,2
gptchats_22140,focus,0,2
gptchats_22310,focus,0,2
gptchats_24281,focus,1,2
gptchats_27259,focus,0,2
gptchats_27586,focus,0,2
gptchats_27983,focus,4,2
gptchats_28009,focus,1,2
gptchats_28340,focus,3,2
gptchats_2867,focus,2,2
gptchats_29760,focus,0,2
gptchats_30255,focus,3,2
gptchats_30732,focus,2,2
gptchats_35588,focus,0,2
gptchats_36795,focus,1,2
gptchats_3847,focus,0,2
gptchats_4378,focus,3,2
gptchats_45951,focus,1,2
gptchats_48626,focus,4,2
gptchats_48713,focus,2,2
gptchats_49728,focus,2,2
gptchats_51176,focus,2,2
gptchats_52983,focus,2,2
gptchats_5925,focus,0,2
gptchats_60674,focus,0,2
gptchats_60862,focus,2,2
gptchats_61082,focus,0,2
gptchats_65190,focus,0,2
gptchats_66708,focus,0,2
gptchats_67331,focus,0,2
gptchats_67808,focus,2,2
gptchats_68183,focus,0,2
gptchats_72125,focus,1,2
gptchats_7442,focus,0,2
gptchats_75011,focus,0,2
gptchats_75922,focus,2,2
gptchats_778,focus,1,2
gptchats_7896,focus,0,2
gptchats_9583,focus,0,2
coaching_10082,strategy,4,3
coaching_11206,strategy,0,3
coaching_11341,strategy,2,3
coaching_12437,strategy,2,3
coaching_12461,strategy,2,2
coaching_12599,strategy,2,3
coaching_12602,strategy,4,4
coaching_12753,strategy,2,3
coaching_13006,strategy,6,3
coaching_13413,strategy,2,3
coaching_13540,strategy,4,3
coaching_13813,strategy,3,3
coaching_14053,strategy,2,2
coaching_14068,strategy,2,2
coaching_14251,strategy,0,3
coaching_14575,strategy,2,3
coaching_14964,strategy,2,3
coaching_14967,strategy,3,3
coaching_15558,strategy,3,3
coaching_15775,strategy,4,4
coaching_15808,strategy,6,3
coaching_15881,strategy,2,2
coaching_16203,strategy,2,3
coaching_16442,strategy,6,3
coaching_16555,strategy,5,2
coaching_16595,strategy,2,2
coaching_16615,strategy,4,2
coaching_16649,strategy,5,3
coaching_16754,strategy,2,3
coaching_16834,strategy,2,2
coaching_16948,strategy,2,2
coaching_17692,strategy,3,2
coaching_17728,strategy,0,2
coaching_1810,strategy,2,3
coaching_18105,strategy,2,3
coaching_182,strategy,4,3
coaching_18233,strategy,2,2
coaching_18320,strategy,4,3
coaching_18764,strategy,2,3
coaching_18970,strategy,2,2
coaching_19019,strategy,1,2
coaching_19351,strategy,4,3
coaching_19681,strategy,0,2
coaching_20504,strategy,3,3
coaching_20991,strategy,4,2
coaching_21142,strategy,0,2
coaching_21609,strategy,0,2
coaching_22319,strategy,2,2
coaching_22352,strategy,2,2
coaching_22357,strategy,0,2
coaching_22426,strategy,0,2
coaching_2479,strategy,4,3
coaching_2762,strategy,3,2
coaching_2815,strategy,2,2
coaching_2914,strategy,2,3
coaching_2975,strategy,2,2
coaching_2985,strategy,1,3
coaching_3077,strategy,5,3
coaching_3591,strategy,4,3
coaching_3724,strategy,2,3
coaching_4206,strategy,0,2
coaching_4422,strategy,2,3
coaching_4640,strategy,5,3
coaching_4743,strategy,2,3
coaching_5702,strategy,6,4
coaching_6016,strategy,6,2
coaching_6056,strategy,2,3
coaching_6296,strategy,3,3
coaching_6315,strategy,4,2
coaching_65,strategy,2,3
coaching_6562,strategy,2,3
coaching_6602,strategy,4,3
coaching_6878,strategy,2,3
coaching_6879,strategy,2,3
coaching_6905,strategy,0,3
coaching_7291,strategy,2,3
coaching_7588,strategy,2,3
coaching_8296,strategy,6,3
coaching_8521,strategy,2,2
coaching_9,strategy,6,3
coaching_9244,strategy,1,2
coaching_9804,strategy,2,3
gptchats_12568,strategy,4,2
gptchats_13113,strategy,0,2
gptchats_14663,strategy,0,2
gptchats_15316,strategy,0,2
gptchats_16299,strategy,3,2
gptchats_1639,strategy,0,2
gptchats_17476,strategy,0,2
gptchats_20901,strategy,0,2
gptchats_22140,strategy,0,2
gptchats_22310,strategy,0,2
gptchats_24281,strategy,0,2
gptchats_27259,strategy,0,2
gptchats_27586,strategy,0,2
gptchats_27983,strategy,4,2
gptchats_28009,strategy,2,2
gptchats_28340,strategy,0,2
gptchats_2867,strategy,0,2
gptchats_29760,strategy,1,2
gptchats_30255,strategy,0,2
gptchats_30732,strategy,2,2
gptchats_35588,strategy,3,2
gptchats_36795,strategy,0,2
gptchats_3847,strategy,1,2
gptchats_4378,strategy,0,2
gptchats_45951,strategy,0,2
gptchats_48626,strategy,1,2
gptchats_48713,strategy,2,2
gptchats_49728,strategy,0,2
gptchats_51176,strategy,0,2
gptchats_52983,strategy,1,2
gptchats_5925,strategy,0,2
gptchats_60674,strategy,0,2
gptchats_60862,strategy,0,2
gptchats_61082,strategy,0,2
gptchats_65190,strategy,0,2
gptchats_66708,strategy,0,2
gptchats_67331,strategy,0,2
gptchats_67808,strategy,1,2
gptchats_68183,strategy,0,2
gptchats_72125,strategy,0,2
gptchats_7442,strategy,0,2
gptchats_75011,strategy,0,2
gptchats_75922,strategy,2,2
gptchats_778,strategy,2,2
gptchats_7896,strategy,0,2
gptchats_9583,strategy,1,2
coaching_10082,technique,3,3
coaching_11206,technique,0,3
coaching_11341,technique,3,3
coaching_12437,technique,4,3
coaching_12461,technique,2,2
coaching_12599,technique,6,3
coaching_12602,technique,4,4
coaching_12753,technique,2,3
coaching_13006,technique,5,3
coaching_13413,technique,2,3
coaching_13540,technique,4,3
coaching_13813,technique,4,3
coaching_14053,technique,4,2
coaching_14068,technique,2,2
coaching_14251,technique,0,3
coaching_14575,technique,0,3
coaching_14964,technique,2,3
coaching_14967,technique,3,3
coaching_15558,technique,4,3
coaching_15775,technique,4,4
coaching_15808,technique,6,3
coaching_15881,technique,2,2
coaching_16203,technique,2,3
coaching_16442,technique,4,3
coaching_16555,technique,5,2
coaching_16595,technique,4,2
coaching_16615,technique,5,2
coaching_16649,technique,5,3
coaching_16754,technique,4,3
coaching_16834,technique,2,2
coaching_16948,technique,2,2
coaching_17692,technique,4,2
coaching_17728,technique,0,3
coaching_1810,technique,0,3
coaching_18105,technique,4,3
coaching_182,technique,2,3
coaching_18233,technique,4,3
coaching_18320,technique,4,3
coaching_18764,technique,4,3
coaching_18970,technique,3,2
coaching_19019,technique,1,2
coaching_19351,technique,4,3
coaching_19681,technique,0,2
coaching_20504,technique,4,3
coaching_20991,technique,4,2
coaching_21142,technique,0,2
coaching_21609,technique,0,2
coaching_22319,technique,2,2
coaching_22352,technique,2,2
coaching_22357,technique,2,2
coaching_22426,technique,0,2
coaching_2479,technique,2,3
coaching_2762,technique,2,2
coaching_2815,technique,2,2
coaching_2914,technique,2,3
coaching_2975,technique,2,2
coaching_2985,technique,4,3
coaching_3077,technique,4,3
coaching_3591,technique,2,3
coaching_3724,technique,2,3
coaching_4206,technique,1,2
coaching_4422,technique,0,3
coaching_4640,technique,6,3
coaching_4743,technique,4,3
coaching_5702,technique,4,4
coaching_6016,technique,4,2
coaching_6056,technique,2,3
coaching_6296,technique,2,3
coaching_6315,technique,4,2
coaching_65,technique,4,3
coaching_6562,technique,2,3
coaching_6602,technique,4,3
coaching_6878,technique,2,3
coaching_6879,technique,2,3
coaching_6905,technique,0,3
coaching_7291,technique,2,3
coaching_7588,technique,2,3
coaching_8296,technique,6,3
coaching_8521,technique,2,2
coaching_9,technique,5,3
coaching_9244,technique,1,2
coaching_9804,technique,4,3
gptchats_12568,technique,3,2
gptchats_13113,technique,0,2
gptchats_14663,technique,0,2
gptchats_15316,technique,0,2
gptchats_16299,technique,2,2
gptchats_1639,technique,0,2
gptchats_17476,technique,0,2
gptchats_20901,technique,0,2
gptchats_22140,technique,0,2
gptchats_22310,technique,0,2
gptchats_24281,technique,0,2
gptchats_27259,technique,0,2
gptchats_27586,technique,0,2
gptchats_27983,technique,2,2
gptchats_28009,technique,2,2
gptchats_28340,technique,0,2
gptchats_2867,technique,0,2
gptchats_29760,technique,1,2
gptchats_30255,technique,0,2
gptchats_30732,technique,2,2
gptchats_35588,technique,3,2
gptchats_36795,technique,0,2
gptchats_3847,technique,0,2
gptchats_4378,technique,0,2
gptchats_45951,technique,0,2
gptchats_48626,technique,0,2
gptchats_48713,technique,2,2
gptchats_49728,technique,0,2
gptchats_51176,technique,0,2
gptchats_52983,technique,1,2
gptchats_5925,technique,0,2
gptchats_60674,technique,0,2
gptchats_60862,technique,0,2
gptchats_61082,technique,0,2
gptchats_65190,technique,0,2
gptchats_66708,technique,0,2
gptchats_67331,technique,0,2
gptchats_67808,technique,2,2
gptchats_68183,technique,0,2
gptchats_72125,technique,0,2
gptchats_7442,technique,0,2
gptchats_75011,technique,0,2
gptchats_75922,technique,0,2
gptchats_778,technique,1,2
gptchats_7896,technique,0,2
gptchats_9583,technique,0,2
coaching_10082,homework,0,3
coaching_11206,homework,0,2
coaching_11341,homework,0,3
coaching_12437,homework,4,3
coaching_12461,homework,0,2
coaching_12599,homework,4,3
coaching_12602,homework,3,4
coaching_12753,homework,0,0
coaching_13006,homework,4,3
coaching_13413,homework,4,3
coaching_13540,homework,4,3
coaching_13813,homework,3,2
coaching_14053,homework,2,0
coaching_14068,homework,0,2
coaching_14251,homework,0,3
coaching_14575,homework,0,2
coaching_14964,homework,0,2
coaching_14967,homework,2,3
coaching_15558,homework,2,2
coaching_15775,homework,0,0
coaching_15808,homework,1,3
coaching_15881,homework,2,0
coaching_16203,homework,0,3
coaching_16442,homework,2,3
coaching_16555,homework,0,0
coaching_16595,homework,2,2
coaching_16615,homework,0,0
coaching_16649,homework,4,3
coaching_16754,homework,2,3
coaching_16834,homework,2,2
coaching_16948,homework,0,2
coaching_17692,homework,1,2
coaching_17728,homework,0,2
coaching_1810,homework,0,2
coaching_18105,homework,2,3
coaching_182,homework,1,3
coaching_18233,homework,2,2
coaching_18320,homework,1,0
coaching_18764,homework,0,2
coaching_18970,homework,0,0
coaching_19019,homework,0,0
coaching_19351,homework,1,3
coaching_19681,homework,0,2
coaching_20504,homework,1,3
coaching_20991,homework,2,0
coaching_21142,homework,0,0
coaching_21609,homework,0,2
coaching_22319,homework,0,2
coaching_22352,homework,2,0
coaching_22357,homework,0,2
coaching_22426,homework,0,0
coaching_2479,homework,2,2
coaching_2762,homework,1,2
coaching_2815,homework,2,0
coaching_2914,homework,1,3
coaching_2975,homework,2,2
coaching_2985,homework,0,2
coaching_3077,homework,3,3
coaching_3591,homework,2,2
coaching_3724,homework,0,2
coaching_4206,homework,0,2
coaching_4422,homework,0,3
coaching_4640,homework,2,3
coaching_4743,homework,4,3
coaching_5702,homework,0,4
coaching_6016,homework,0,2
coaching_6056,homework,2,2
coaching_6296,homework,0,2
coaching_6315,homework,0,0
coaching_65,homework,2,2
coaching_6562,homework,2,2
coaching_6602,homework,4,3
coaching_6878,homework,2,3
coaching_6879,homework,0,2
coaching_6905,homework,0,0
coaching_7291,homework,0,0
coaching_7588,homework,0,2
coaching_8296,homework,0,2
coaching_8521,homework,2,2
coaching_9,homework,0,0
coaching_9244,homework,0,0
coaching_9804,homework,4,3
gptchats_12568,homework,0,0
gptchats_13113,homework,0,0
gptchats_14663,homework,0,0
gptchats_15316,homework,0,0
gptchats_16299,homework,1,0
gptchats_1639,homework,0,0
gptchats_17476,homework,0,0
gptchats_20901,homework,0,0
gptchats_22140,homework,0,0
gptchats_22310,homework,0,0
gptchats_24281,homework,0,0
gptchats_27259,homework,0,0
gptchats_27586,homework,0,0
gptchats_27983,homework,3,0
gptchats_28009,homework,0,0
gptchats_28340,homework,0,0
gptchats_2867,homework,0,0
gptchats_29760,homework,0,0
gptchats_30255,homework,0,0
gptchats_30732,homework,0,0
gptchats_35588,homework,0,0
gptchats_36795,homework,0,0
gptchats_3847,homework,0,0
gptchats_4378,homework,0,0
gptchats_45951,homework,0,0
gptchats_48626,homework,0,0
gptchats_48713,homework,0,0
gptchats_49728,homework,0,0
gptchats_51176,homework,0,0
gptchats_52983,homework,0,2
gptchats_5925,homework,0,0
gptchats_60674,homework,0,0
gptchats_60862,homework,0,0
gptchats_61082,homework,0,0
gptchats_65190,homework,0,0
gptchats_66708,homework,0,0
gptchats_67331,homework,0,0
gptchats_67808,homework,0,0
gptchats_68183,homework,0,0
gptchats_72125,homework,0,0
gptchats_7442,homework,0,0
gptchats_75011,homework,0,0
gptchats_75922,homework,0,0
gptchats_778,homework,0,0
gptchats_7896,homework,0,0
gptchats_9583,homework,0,0
