pid,item,score
566feba6b937e400052d33b2,cbt_appropriate,Agree
56f699e876348f000c883bba,cbt_appropriate,Strong agree
577a3dfd92c50c0001c9488f,cbt_appropriate,Agree
57b4a771cda70d0001534835,cbt_appropriate,Agree
57c357770e6a1f00015f6038,cbt_appropriate,Neutral
57dd3b0e91b7fc0001493db9,cbt_appropriate,Strong agree
58d43fb77c08be0001c24830,cbt_appropriate,Neutral
595d3afcdd044900012ce78a,cbt_appropriate,Strong agree
5962a5b29955ee00015bce98,cbt_appropriate,Agree
598f22af33481c000164d359,cbt_appropriate,Strong agree
599442e6bf8bcf0001ab6857,cbt_appropriate,Strong agree
5997043dbbe84800017964a7,cbt_appropriate,Agree
599ab130b5566b0001aa85bb,cbt_appropriate,Agree
599acb2f6c165e000113fc70,cbt_appropriate,Agree
59baa4f5178f1b00018289b2,cbt_appropriate,Neutral
59d1f0fffaf42e00012b6c20,cbt_appropriate,Strong agree
59d3b07947f4e80001a6c551,cbt_appropriate,Agree
59dccd61e75b450001a689b7,cbt_appropriate,Strong agree
59e7232f24d7bf00012f112e,cbt_appropriate,Neutral
59ef022eae9f950001d84a43,cbt_appropriate,Strong agree
5a57e4f7acc75b00017a2dcd,cbt_appropriate,Disagree
5a75b131eea3d300016ddc70,cbt_appropriate,Neutral
5a9c41f2dbdb470001eeef9c,cbt_appropriate,Strong agree
5a9c4b3d35237b000112a00e,cbt_appropriate,Agree
5aafd9eff69e940001d88bf4,cbt_appropriate,Neutral
5b2bcfb51835660001cc6751,cbt_appropriate,Agree
5b2bd649ed66460001e86e39,cbt_appropriate,Agree
5b4a3ab1bc06c90001f902f4,cbt_appropriate,Strong agree
5bf53b3c87780800014ed5aa,cbt_appropriate,Strong agree
5c197c9c020cbb00011201fe,cbt_appropriate,Disagree
5c37a0e7bef9a20001e3a497,cbt_appropriate,Strong agree
5c407a2c41b3f9000195e19f,cbt_appropriate,Strong agree
5c4602713d08e80001369876,cbt_appropriate,Agree
5c4a061161db8c00015e4fb0,cbt_appropriate,Strong agree
5c59e12429f64c0001cc6436,cbt_appropriate,Agree
5c5b66cb3312f1000112f694,cbt_appropriate,Strong agree
5c5d36bc034e280001644c3b,cbt_appropriate,Agree
5c5ff87f8c0552000109d7de,cbt_appropriate,Disagree
5c72f9bf8711bf000139c5ee,cbt_appropriate,Agree
5cad1eef8ed53d00180d2532,cbt_appropriate,Strong agree
5cb87813635b940017c2037a,cbt_appropriate,Strong agree
5cc99062d918560016acf6ac,cbt_appropriate,Strong agree
5ce15b0ea7b516001828c646,cbt_appropriate,Agree
5cedaba627d8ce00018469bb,cbt_appropriate,Strong disagree
5d02a158c8a372001abf3b30,cbt_appropriate,Strong agree
5d038adefda4bb00013f8afb,cbt_appropriate,Neutral
5d0a5d36d41b4b00172c3cc9,cbt_appropriate,Agree
5d20c6d5b1e50a001c19e622,cbt_appropriate,Neutral
5d3bfbebfd9694001a2d0f99,cbt_appropriate,Strong agree
5d6d729b679b200019c12498,cbt_appropriate,Strong agree
5db7203e98ecdf000ae8d504,cbt_appropriate,Neutral
5dcfaad2dd9a740c2493fc28,cbt_appropriate,Strong agree
5e234e6d06121f5eceaba7f1,cbt_appropriate,Agree
5e4feb8037713502e9ed364b,cbt_appropriate,Strong agree
5e7d1c1e70dd753a081a29d9,cbt_appropriate,Agree
5e7e1679f8a96f4be83e51e4,cbt_appropriate,Agree
5e9086ca917d9039e3c4cd25,cbt_appropriate,Strong agree
5ecd61476e04500905a6eed2,cbt_appropriate,Agree
5f04dc9fb117c31680c1a4f5,cbt_appropriate,Agree
5f05ef4bd552bc0009e5566c,cbt_appropriate,Agree
5f0c86cbe4af1361b7158f3e,cbt_appropriate,Neutral
5f11eb333c6e2c0df5b92270,cbt_appropriate,Agree
5f1beeacb55680420cfcae9e,cbt_appropriate,Agree
5f2f280854c3203084e218e5,cbt_appropriate,Strong agree
5f35222b79aaa5065c8919bd,cbt_appropriate,Strong agree
5f4fbebb8bb76c0c01881651,cbt_appropriate,Agree
5f514593ea1e87365b9cb05f,cbt_appropriate,Agree
5f653cb18aad310a9ee7c32d,cbt_appropriate,Agree
5f70576bb22a006197aea6de,cbt_appropriate,Strong agree
5fb8dc3c8e8e964121c6aa4c,cbt_appropriate,Agree
5fd4d10b2f970406fe63ad96,cbt_appropriate,Strong agree
5fef2fa9efea401f0b55a7c2,cbt_appropriate,Disagree
6002ae1ea178912bfa128adf,cbt_appropriate,Agree
600c125c46cf802e41733705,cbt_appropriate,Agree
604a4755d62e5590404b5426,cbt_appropriate,Agree
604fa685e33606f9a0ee8189,cbt_appropriate,Strong agree
60537fdcda0ac05f1c59c57f,cbt_appropriate,Agree
605731872f40ec675cdf1f0b,cbt_appropriate,Disagree
605a25c743f7ab91b0881ddf,cbt_appropriate,Disagree
609510855d0c8e5bd0bdaf98,cbt_appropriate,Agree
609eda349f5d29975fbc2145,cbt_appropriate,Agree
60ae777b1f2abe681e903d0d,cbt_appropriate,Agree
60d3867b6e7529fc77032b54,cbt_appropriate,Strong disagree
60fae066c4ab91522a85f075,cbt_appropriate,Strong agree
6100105892a2248ae5d48498,cbt_appropriate,Neutral
6107b81f125c20be9e368b49,cbt_appropriate,Strong agree
61166b2cec63d8ea49e36aac,cbt_appropriate,Neutral
61333ed3b980f519ee86c45c,cbt_appropriate,Agree
61572b39d8a0be3869ccd5ae,cbt_appropriate,Agree
616c83fb9916289f401fb837,cbt_appropriate,Agree
6234905bd877b34677aaa521,cbt_appropriate,Agree
62a76cb3209f192d4ac62bec,cbt_appropriate,Agree
62ac24c9af89f1f28aea1d11,cbt_appropriate,Strong agree
62c5ebe612c40c7e32390bf6,cbt_appropriate,Neutral
62e3f7b224ec70641fd86b7b,cbt_appropriate,Strong agree
62fbd2e4a303a0c6ff0874b1,cbt_appropriate,Agree
63469da3cef76cc5b3523b97,cbt_appropriate,Agree
6346e117e4e283094ff51b84,cbt_appropriate,Neutral
638e2eed82fa613f2140ba13,cbt_appropriate,Agree
6394a8f1f510b07aeaf465e0,cbt_appropriate,Strong agree
6399d599c9d83e0ed0317ea2,cbt_appropriate,Strong agree
63e57ca5d6e126546cfc66bf,cbt_appropriate,Disagree
63f85b1c3124fd03faff2126,cbt_appropriate,Strong agree
640485331e13a7bfa4a43d46,cbt_appropriate,Strong agree
6441204e8a1c0c51415ce0f8,cbt_appropriate,Agree
6441795624090301ddeba81e,cbt_appropriate,Agree
6447cf4c43802edcd6b846bc,cbt_appropriate,Agree
64784f5998230a548cb9cc60,cbt_appropriate,Agree
648028bc524faa07ef0547eb,cbt_appropriate,Neutral
6501b7fd7c5faeb580b81204,cbt_appropriate,Strong agree
65030c046782881e902a5aaa,cbt_appropriate,Agree
650ae1b2157df341fd193714,cbt_appropriate,Strong agree
65456ebc819cdd5600552571,cbt_appropriate,Disagree
6559e8fcb4e07db3db4e2165,cbt_appropriate,Neutral
656f3c80f7ac5f41e230b9ee,cbt_appropriate,Agree
6570824312e21ad0a49858f4,cbt_appropriate,Agree
657b2d22191dda04598ef38b,cbt_appropriate,Agree
65ff48ba8866040c0d0649c5,cbt_appropriate,Agree
66084cde8c8b94db6ce51ac9,cbt_appropriate,Neutral
660ed790b7c0b8649c41f432,cbt_appropriate,Neutral
6630f6bfbdc7906ef7c0ee24,cbt_appropriate,Agree
66338f4346e84e4f0469bc21,cbt_appropriate,Disagree
663a28078139647b4663d09f,cbt_appropriate,Neutral
664b530d4cf8b88b68548a11,cbt_appropriate,Strong disagree
6658b161dc9f95822cbcf443,cbt_appropriate,Strong disagree
6658b52898569e477b21cf41,cbt_appropriate,Agree
6658c369bc36ded0ffe472b8,cbt_appropriate,Disagree
6658c6e6298aedbc9b7ac19c,cbt_appropriate,Strong disagree
6658d13e8f1ee667f426421c,cbt_appropriate,Strong agree
6658d9826d4ec610f1b0cc33,cbt_appropriate,Strong agree
6659b0c46a1675f2d40e2586,cbt_appropriate,Agree
6659f89651bdadba584e647c,cbt_appropriate,Strong agree
665bae8786e39a9d3071ef7c,cbt_appropriate,Agree
665e0faa748512c88de27385,cbt_appropriate,Strong agree
665fa30eccda55b454554d95,cbt_appropriate,Strong agree
6671adcf4074ec7382ad560e,cbt_appropriate,Agree
6676e7538c7c4c68e18aa31a,cbt_appropriate,Strong agree
66774233add67a4a8e71398e,cbt_appropriate,Agree
6679886309dd90c237d80e5d,cbt_appropriate,Disagree
667ac4dcd237965bb30cb0d0,cbt_appropriate,Strong agree
6682935831ecbb91041102e5,cbt_appropriate,Agree
6683b0f95482b81b9714b57c,cbt_appropriate,Agree
66847cc7c67232fae11af5b3,cbt_appropriate,Agree
668c39cf43ce2932522f9d37,cbt_appropriate,Strong agree
668d371bd614f22c3433ea48,cbt_appropriate,Agree
668fa82eb6aad7177cb29ba0,cbt_appropriate,Strong agree
669038b13e852687aaf4a1cb,cbt_appropriate,Agree
66912ce354d84162615be8ba,cbt_appropriate,Agree
66924f3f720e8dcc562ef6fd,cbt_appropriate,Strong agree
66958ca9d7179281d46faf5d,cbt_appropriate,Strong disagree
6697864e364c6864275e4a17,cbt_appropriate,Strong agree
669d7d04ec742963733a5b35,cbt_appropriate,Agree
66a15c42533255e95d1d34a1,cbt_appropriate,Strong agree
66a63fbb0a4f33f35327ed8b,cbt_appropriate,Strong agree
66aa8dcfbc121dcef0433ecf,cbt_appropriate,Strong agree
66b0829f976a969235a5ca75,cbt_appropriate,Agree
66ba62aba868595bbef88f10,cbt_appropriate,Disagree
66c5e698d9527f93c31cab42,cbt_appropriate,Strong agree
66c746f450506abe4d80b5e1,cbt_appropriate,Strong agree
66cf306107ad4fcf4bef6f2f,cbt_appropriate,Agree
66d05ce2ebc84bef33af3a06,cbt_appropriate,Agree
66d9a01e46a5112c3146c2bd,cbt_appropriate,Neutral
66df649422e557253882cee8,cbt_appropriate,Agree
66edea9d406f629b67ce30b8,cbt_appropriate,Agree
66f1aeb024eaa71730ee0d8f,cbt_appropriate,Neutral
66fd3f6c93c24ecc119be354,cbt_appropriate,Neutral
670939463679b3968927066e,cbt_appropriate,Agree
6709725953883fa2a8fe6957,cbt_appropriate,Agree
670ffdb6896bad5ab5d6f894,cbt_appropriate,Strong agree
6713edf459846149d7bcc948,cbt_appropriate,Agree
6715013670bed7e4e955f109,cbt_appropriate,Agree
67150a8c59846149d7bd00f2,cbt_appropriate,Agree
671566748ec974a47ace455b,cbt_appropriate,Agree
6718f7d06399295fc47821c0,cbt_appropriate,Disagree
671a5b8dfc53e73310491a62,cbt_appropriate,Agree
67202234fd2f16cdb9c34721,cbt_appropriate,Agree
67236d7fadd6365361bd7cc0,cbt_appropriate,Disagree
6727964977929019f6ff8a5d,cbt_appropriate,Strong agree
672b2e8321750551265ac390,cbt_appropriate,Strong agree
672b8d3c37b9296c39c3f677,cbt_appropriate,Agree
672c33aafed3be2f2a6ccfa0,cbt_appropriate,Strong agree
672d027eb57569b5077e0cc4,cbt_appropriate,Strong agree
672d2977ae54935ef84a2b74,cbt_appropriate,Agree
672f38145bf80a772f4ac20a,cbt_appropriate,Strong agree
67320610635afc65498583cb,cbt_appropriate,Strong agree
6734acb87201d0735d63632c,cbt_appropriate,Agree
6737d9fe76856492fd1603ef,cbt_appropriate,Agree
6738a38d5b42ebdad45239a4,cbt_appropriate,Agree
6738dae02c5a63be153fbe29,cbt_appropriate,Neutral
673b5c1281eb82f767f4d71c,cbt_appropriate,Agree
673bab950ce7fb673ff7eecc,cbt_appropriate,Agree
673e1fe5947080d86c749aff,cbt_appropriate,Strong agree
6740fd7385a9299cf29bdf96,cbt_appropriate,Disagree
6742f8bfd1cce3eadeee8c62,cbt_appropriate,Neutral
6744d50e3bd8711b57216cd2,cbt_appropriate,Agree
67465c29233ddf0c2040ced8,cbt_appropriate,Strong agree
6747536d88cb6d53b9bed191,cbt_appropriate,Strong agree
6751467d0ef4bb17c804e4c0,cbt_appropriate,Agree
675590f1eeef66188a85e1cd,cbt_appropriate,Strong agree
67580f69a9a3cb759240904b,cbt_appropriate,Strong agree
67591767ad41717a9710c4b8,cbt_appropriate,Agree
6759718f66f6d338a0663100,cbt_appropriate,Agree
675af02593fabc7398d6447e,cbt_appropriate,Disagree
675e06422af6e9cb4bcbd459,cbt_appropriate,Agree
675e8e92f5b7ffad57a265b1,cbt_appropriate,Agree
67605cad2b91076c10846479,cbt_appropriate,Agree
676060fef2955d6112c7e224,cbt_appropriate,Strong agree
67609dc51817400f95f9db14,cbt_appropriate,Agree
6760c6a23c7512b7ca3383d0,cbt_appropriate,Strong agree
676288b65215f42b28a98b3f,cbt_appropriate,Disagree
67644c9e4a8508ec299135c5,cbt_appropriate,Agree
67657ea1ad7558bf427f3a22,cbt_appropriate,Strong agree
67687d94d5edc29f07de0176,cbt_appropriate,Strong agree
676d0d8ea1b34584f966c1f6,cbt_appropriate,Agree
676d3ef7769d39d4537e67d4,cbt_appropriate,Strong agree
676ee670250de1d8b3e57b03,cbt_appropriate,Strong disagree
676fb072a0f80a990bd4cd32,cbt_appropriate,Neutral
67717e578f7fc3b6ff3c6ae8,cbt_appropriate,Strong agree
677299ebbff623812504a11d,cbt_appropriate,Strong agree
6772b66d08f724d93d1aab73,cbt_appropriate,Agree
6772e1e5965ccca40d8cfba9,cbt_appropriate,Agree
6773e8418b4496160ace9137,cbt_appropriate,Agree
6775b6f1acaab15bb77f71af,cbt_appropriate,Agree
677692c13cfeae70079e3caa,cbt_appropriate,Strong agree
6777bc5eec85e7e2afa09d77,cbt_appropriate,Agree
6777f8aafc72369e96bb6da6,cbt_appropriate,Strong agree
6779cadff8dc4ddeecc54ce2,cbt_appropriate,Strong agree
677a5d8e2115bfbb2fa0c73c,cbt_appropriate,Strong agree
677be7f32b827fb2ae1eb7f0,cbt_appropriate,Agree
677e74c8dd1dce11a8f96f88,cbt_appropriate,Agree
678019571a2ac0496e597be5,cbt_appropriate,Agree
6783379eb9fef4654886ead1,cbt_appropriate,Strong agree
6788228f3fcc7c8b75b77522,cbt_appropriate,Strong agree
67a688221058a62a9fa76a82,cbt_appropriate,Neutral
566feba6b937e400052d33b2,interpersonal,Strong agree
56f699e876348f000c883bba,interpersonal,Disagree
577a3dfd92c50c0001c9488f,interpersonal,Strong agree
57b4a771cda70d0001534835,interpersonal,Agree
57c357770e6a1f00015f6038,interpersonal,Agree
57dd3b0e91b7fc0001493db9,interpersonal,Strong agree
58d43fb77c08be0001c24830,interpersonal,Agree
595d3afcdd044900012ce78a,interpersonal,Neutral
5962a5b29955ee00015bce98,interpersonal,Agree
598f22af33481c000164d359,interpersonal,Strong agree
599442e6bf8bcf0001ab6857,interpersonal,Neutral
5997043dbbe84800017964a7,interpersonal,Agree
599ab130b5566b0001aa85bb,interpersonal,Disagree
599acb2f6c165e000113fc70,interpersonal,Agree
59baa4f5178f1b00018289b2,interpersonal,Neutral
59d1f0fffaf42e00012b6c20,interpersonal,Disagree
59d3b07947f4e80001a6c551,interpersonal,Strong disagree
59dccd61e75b450001a689b7,interpersonal,Agree
59e7232f24d7bf00012f112e,interpersonal,Neutral
59ef022eae9f950001d84a43,interpersonal,Strong agree
5a57e4f7acc75b00017a2dcd,interpersonal,Disagree
5a75b131eea3d300016ddc70,interpersonal,Agree
5a9c41f2dbdb470001eeef9c,interpersonal,Strong agree
5a9c4b3d35237b000112a00e,interpersonal,Agree
5aafd9eff69e940001d88bf4,interpersonal,Disagree
5b2bcfb51835660001cc6751,interpersonal,Neutral
5b2bd649ed66460001e86e39,interpersonal,Strong agree
5b4a3ab1bc06c90001f902f4,interpersonal,Neutral
5bf53b3c87780800014ed5aa,interpersonal,Disagree
5c197c9c020cbb00011201fe,interpersonal,Disagree
5c37a0e7bef9a20001e3a497,interpersonal,Agree
5c407a2c41b3f9000195e19f,interpersonal,Strong agree
5c4602713d08e80001369876,interpersonal,Neutral
5c4a061161db8c00015e4fb0,interpersonal,Strong agree
5c59e12429f64c0001cc6436,interpersonal,Strong disagree
5c5b66cb3312f1000112f694,interpersonal,Agree
5c5d36bc034e280001644c3b,interpersonal,Agree
5c5ff87f8c0552000109d7de,interpersonal,Neutral
5c72f9bf8711bf000139c5ee,interpersonal,Neutral
5cad1eef8ed53d00180d2532,interpersonal,Agree
5cb87813635b940017c2037a,interpersonal,Strong agree
5cc99062d918560016acf6ac,interpersonal,Agree
5ce15b0ea7b516001828c646,interpersonal,Disagree
5cedaba627d8ce00018469bb,interpersonal,Neutral
5d02a158c8a372001abf3b30,interpersonal,Neutral
5d038adefda4bb00013f8afb,interpersonal,Agree
5d0a5d36d41b4b00172c3cc9,interpersonal,Agree
5d20c6d5b1e50a001c19e622,interpersonal,Disagree
5d3bfbebfd9694001a2d0f99,interpersonal,Agree
5d6d729b679b200019c12498,interpersonal,Agree
5db7203e98ecdf000ae8d504,interpersonal,Agree
5dcfaad2dd9a740c2493fc28,interpersonal,Disagree
5e234e6d06121f5eceaba7f1,interpersonal,Agree
5e4feb8037713502e9ed364b,interpersonal,Agree
5e7d1c1e70dd753a081a29d9,interpersonal,Agree
5e7e1679f8a96f4be83e51e4,interpersonal,Disagree
5e9086ca917d9039e3c4cd25,interpersonal,Strong agree
5ecd61476e04500905a6eed2,interpersonal,Agree
5f04dc9fb117c31680c1a4f5,interpersonal,Neutral
5f05ef4bd552bc0009e5566c,interpersonal,Disagree
5f0c86cbe4af1361b7158f3e,interpersonal,Agree
5f11eb333c6e2c0df5b92270,interpersonal,Neutral
5f1beeacb55680420cfcae9e,interpersonal,Neutral
5f2f280854c3203084e218e5,interpersonal,Strong agree
5f35222b79aaa5065c8919bd,interpersonal,Agree
5f4fbebb8bb76c0c01881651,interpersonal,Neutral
5f514593ea1e87365b9cb05f,interpersonal,Agree
5f653cb18aad310a9ee7c32d,interpersonal,Agree
5f70576bb22a006197aea6de,interpersonal,Strong agree
5fb8dc3c8e8e964121c6aa4c,interpersonal,Neutral
5fd4d10b2f970406fe63ad96,interpersonal,Agree
5fef2fa9efea401f0b55a7c2,interpersonal,Strong disagree
6002ae1ea178912bfa128adf,interpersonal,Strong agree
600c125c46cf802e41733705,interpersonal,Agree
604a4755d62e5590404b5426,interpersonal,Agree
604fa685e33606f9a0ee8189,interpersonal,Strong agree
60537fdcda0ac05f1c59c57f,interpersonal,Neutral
605731872f40ec675cdf1f0b,interpersonal,Neutral
605a25c743f7ab91b0881ddf,interpersonal,Agree
609510855d0c8e5bd0bdaf98,interpersonal,Agree
609eda349f5d29975fbc2145,interpersonal,Disagree
60ae777b1f2abe681e903d0d,interpersonal,Agree
60d3867b6e7529fc77032b54,interpersonal,Agree
60fae066c4ab91522a85f075,interpersonal,Strong agree
6100105892a2248ae5d48498,interpersonal,Agree
6107b81f125c20be9e368b49,interpersonal,Strong agree
61166b2cec63d8ea49e36aac,interpersonal,Strong agree
61333ed3b980f519ee86c45c,interpersonal,Agree
61572b39d8a0be3869ccd5ae,interpersonal,Neutral
616c83fb9916289f401fb837,interpersonal,Neutral
6234905bd877b34677aaa521,interpersonal,Agree
62a76cb3209f192d4ac62bec,interpersonal,Strong agree
62ac24c9af89f1f28aea1d11,interpersonal,Agree
62c5ebe612c40c7e32390bf6,interpersonal,Agree
62e3f7b224ec70641fd86b7b,interpersonal,Agree
62fbd2e4a303a0c6ff0874b1,interpersonal,Disagree
63469da3cef76cc5b3523b97,interpersonal,Agree
6346e117e4e283094ff51b84,interpersonal,Strong disagree
638e2eed82fa613f2140ba13,interpersonal,Strong agree
6394a8f1f510b07aeaf465e0,interpersonal,Strong agree
6399d599c9d83e0ed0317ea2,interpersonal,Neutral
63e57ca5d6e126546cfc66bf,interpersonal,Agree
63f85b1c3124fd03faff2126,interpersonal,Agree
640485331e13a7bfa4a43d46,interpersonal,Disagree
6441204e8a1c0c51415ce0f8,interpersonal,Agree
6441795624090301ddeba81e,interpersonal,Agree
6447cf4c43802edcd6b846bc,interpersonal,Agree
64784f5998230a548cb9cc60,interpersonal,Strong agree
648028bc524faa07ef0547eb,interpersonal,Agree
6501b7fd7c5faeb580b81204,interpersonal,Strong agree
65030c046782881e902a5aaa,interpersonal,Agree
650ae1b2157df341fd193714,interpersonal,Strong agree
65456ebc819cdd5600552571,interpersonal,Disagree
6559e8fcb4e07db3db4e2165,interpersonal,Agree
656f3c80f7ac5f41e230b9ee,interpersonal,Agree
6570824312e21ad0a49858f4,interpersonal,Disagree
657b2d22191dda04598ef38b,interpersonal,Neutral
65ff48ba8866040c0d0649c5,interpersonal,Disagree
66084cde8c8b94db6ce51ac9,interpersonal,Strong disagree
660ed790b7c0b8649c41f432,interpersonal,Neutral
6630f6bfbdc7906ef7c0ee24,interpersonal,Disagree
66338f4346e84e4f0469bc21,interpersonal,Disagree
663a28078139647b4663d09f,interpersonal,Agree
664b530d4cf8b88b68548a11,interpersonal,Disagree
6658b161dc9f95822cbcf443,interpersonal,Strong agree
6658b52898569e477b21cf41,interpersonal,Agree
6658c369bc36ded0ffe472b8,interpersonal,Agree
6658c6e6298aedbc9b7ac19c,interpersonal,Agree
6658d13e8f1ee667f426421c,interpersonal,Strong agree
6658d9826d4ec610f1b0cc33,interpersonal,Strong agree
6659b0c46a1675f2d40e2586,interpersonal,Strong agree
6659f89651bdadba584e647c,interpersonal,Strong agree
665bae8786e39a9d3071ef7c,interpersonal,Agree
665e0faa748512c88de27385,interpersonal,Agree
665fa30eccda55b454554d95,interpersonal,Strong agree
6671adcf4074ec7382ad560e,interpersonal,Agree
6676e7538c7c4c68e18aa31a,interpersonal,Strong agree
66774233add67a4a8e71398e,interpersonal,Disagree
6679886309dd90c237d80e5d,interpersonal,Agree
667ac4dcd237965bb30cb0d0,interpersonal,Agree
6682935831ecbb91041102e5,interpersonal,Agree
6683b0f95482b81b9714b57c,interpersonal,Agree
66847cc7c67232fae11af5b3,interpersonal,Agree
668c39cf43ce2932522f9d37,interpersonal,Strong agree
668d371bd614f22c3433ea48,interpersonal,Neutral
668fa82eb6aad7177cb29ba0,interpersonal,Agree
669038b13e852687aaf4a1cb,interpersonal,Neutral
66912ce354d84162615be8ba,interpersonal,Neutral
66924f3f720e8dcc562ef6fd,interpersonal,Agree
66958ca9d7179281d46faf5d,interpersonal,Disagree
6697864e364c6864275e4a17,interpersonal,Agree
669d7d04ec742963733a5b35,interpersonal,Agree
66a15c42533255e95d1d34a1,interpersonal,Agree
66a63fbb0a4f33f35327ed8b,interpersonal,Strong agree
66aa8dcfbc121dcef0433ecf,interpersonal,Disagree
66b0829f976a969235a5ca75,interpersonal,Agree
66ba62aba868595bbef88f10,interpersonal,Neutral
66c5e698d9527f93c31cab42,interpersonal,Strong agree
66c746f450506abe4d80b5e1,interpersonal,Strong agree
66cf306107ad4fcf4bef6f2f,interpersonal,Agree
66d05ce2ebc84bef33af3a06,interpersonal,Disagree
66d9a01e46a5112c3146c2bd,interpersonal,Agree
66df649422e557253882cee8,interpersonal,Agree
66edea9d406f629b67ce30b8,interpersonal,Disagree
66f1aeb024eaa71730ee0d8f,interpersonal,Agree
66fd3f6c93c24ecc119be354,interpersonal,Agree
670939463679b3968927066e,interpersonal,Disagree
6709725953883fa2a8fe6957,interpersonal,Agree
670ffdb6896bad5ab5d6f894,interpersonal,Strong agree
6713edf459846149d7bcc948,interpersonal,Agree
6715013670bed7e4e955f109,interpersonal,Agree
67150a8c59846149d7bd00f2,interpersonal,Agree
671566748ec974a47ace455b,interpersonal,Strong agree
6718f7d06399295fc47821c0,interpersonal,Disagree
671a5b8dfc53e73310491a62,interpersonal,Neutral
67202234fd2f16cdb9c34721,interpersonal,Strong agree
67236d7fadd6365361bd7cc0,interpersonal,Neutral
6727964977929019f6ff8a5d,interpersonal,Neutral
672b2e8321750551265ac390,interpersonal,Agree
672b8d3c37b9296c39c3f677,interpersonal,Agree
672c33aafed3be2f2a6ccfa0,interpersonal,Agree
672d027eb57569b5077e0cc4,interpersonal,Strong agree
672d2977ae54935ef84a2b74,interpersonal,Agree
672f38145bf80a772f4ac20a,interpersonal,Strong agree
67320610635afc65498583cb,interpersonal,Strong agree
6734acb87201d0735d63632c,interpersonal,Disagree
6737d9fe76856492fd1603ef,interpersonal,Disagree
6738a38d5b42ebdad45239a4,interpersonal,Neutral
6738dae02c5a63be153fbe29,interpersonal,Disagree
673b5c1281eb82f767f4d71c,interpersonal,Agree
673bab950ce7fb673ff7eecc,interpersonal,Agree
673e1fe5947080d86c749aff,interpersonal,Agree
6740fd7385a9299cf29bdf96,interpersonal,Agree
6742f8bfd1cce3eadeee8c62,interpersonal,Disagree
6744d50e3bd8711b57216cd2,interpersonal,Agree
67465c29233ddf0c2040ced8,interpersonal,Strong agree
6747536d88cb6d53b9bed191,interpersonal,Strong agree
6751467d0ef4bb17c804e4c0,interpersonal,Strong agree
675590f1eeef66188a85e1cd,interpersonal,Agree
67580f69a9a3cb759240904b,interpersonal,Agree
67591767ad41717a9710c4b8,interpersonal,Agree
6759718f66f6d338a0663100,interpersonal,Disagree
675af02593fabc7398d6447e,interpersonal,Agree
675e06422af6e9cb4bcbd459,interpersonal,Agree
675e8e92f5b7ffad57a265b1,interpersonal,Agree
67605cad2b91076c10846479,interpersonal,Neutral
676060fef2955d6112c7e224,interpersonal,Agree
67609dc51817400f95f9db14,interpersonal,Strong agree
6760c6a23c7512b7ca3383d0,interpersonal,Strong agree
676288b65215f42b28a98b3f,interpersonal,Agree
67644c9e4a8508ec299135c5,interpersonal,Agree
67657ea1ad7558bf427f3a22,interpersonal,Disagree
67687d94d5edc29f07de0176,interpersonal,Agree
676d0d8ea1b34584f966c1f6,interpersonal,Neutral
676d3ef7769d39d4537e67d4,interpersonal,Agree
676ee670250de1d8b3e57b03,interpersonal,Disagree
676fb072a0f80a990bd4cd32,interpersonal,Neutral
67717e578f7fc3b6ff3c6ae8,interpersonal,Strong agree
677299ebbff623812504a11d,interpersonal,Strong agree
6772b66d08f724d93d1aab73,interpersonal,Agree
6772e1e5965ccca40d8cfba9,interpersonal,Agree
6773e8418b4496160ace9137,interpersonal,Neutral
6775b6f1acaab15bb77f71af,interpersonal,Disagree
677692c13cfeae70079e3caa,interpersonal,Strong agree
6777bc5eec85e7e2afa09d77,interpersonal,Agree
6777f8aafc72369e96bb6da6,interpersonal,Neutral
6779cadff8dc4ddeecc54ce2,interpersonal,Neutral
677a5d8e2115bfbb2fa0c73c,interpersonal,Strong agree
677be7f32b827fb2ae1eb7f0,interpersonal,Neutral
677e74c8dd1dce11a8f96f88,interpersonal,Agree
678019571a2ac0496e597be5,interpersonal,Agree
6783379eb9fef4654886ead1,interpersonal,Neutral
6788228f3fcc7c8b75b77522,interpersonal,Disagree
67a688221058a62a9fa76a82,interpersonal,Neutral
566feba6b937e400052d33b2,structure,Agree
56f699e876348f000c883bba,structure,Disagree
577a3dfd92c50c0001c9488f,structure,Agree
57b4a771cda70d0001534835,structure,Agree
57c357770e6a1f00015f6038,structure,Agree
57dd3b0e91b7fc0001493db9,structure,Strong agree
58d43fb77c08be0001c24830,structure,Neutral
595d3afcdd044900012ce78a,structure,Agree
5962a5b29955ee00015bce98,structure,Agree
598f22af33481c000164d359,structure,Strong agree
599442e6bf8bcf0001ab6857,structure,Agree
5997043dbbe84800017964a7,structure,Agree
599ab130b5566b0001aa85bb,structure,Agree
599acb2f6c165e000113fc70,structure,Agree
59baa4f5178f1b00018289b2,structure,Agree
59d1f0fffaf42e00012b6c20,structure,Neutral
59d3b07947f4e80001a6c551,structure,Neutral
59dccd61e75b450001a689b7,structure,Agree
59e7232f24d7bf00012f112e,structure,Neutral
59ef022eae9f950001d84a43,structure,Strong agree
5a57e4f7acc75b00017a2dcd,structure,Disagree
5a75b131eea3d300016ddc70,structure,Neutral
5a9c41f2dbdb470001eeef9c,structure,Strong agree
5a9c4b3d35237b000112a00e,structure,Agree
5aafd9eff69e940001d88bf4,structure,Disagree
5b2bcfb51835660001cc6751,structure,Neutral
5b2bd649ed66460001e86e39,structure,Strong agree
5b4a3ab1bc06c90001f902f4,structure,Agree
5bf53b3c87780800014ed5aa,structure,Neutral
5c197c9c020cbb00011201fe,structure,Disagree
5c37a0e7bef9a20001e3a497,structure,Agree
5c407a2c41b3f9000195e19f,structure,Strong agree
5c4602713d08e80001369876,structure,Agree
5c4a061161db8c00015e4fb0,structure,Strong agree
5c59e12429f64c0001cc6436,structure,Neutral
5c5b66cb3312f1000112f694,structure,Agree
5c5d36bc034e280001644c3b,structure,Agree
5c5ff87f8c0552000109d7de,structure,Disagree
5c72f9bf8711bf000139c5ee,structure,Disagree
5cad1eef8ed53d00180d2532,structure,Agree
5cb87813635b940017c2037a,structure,Strong agree
5cc99062d918560016acf6ac,structure,Agree
5ce15b0ea7b516001828c646,structure,Neutral
5cedaba627d8ce00018469bb,structure,Neutral
5d02a158c8a372001abf3b30,structure,Agree
5d038adefda4bb00013f8afb,structure,Neutral
5d0a5d36d41b4b00172c3cc9,structure,Agree
5d20c6d5b1e50a001c19e622,structure,Disagree
5d3bfbebfd9694001a2d0f99,structure,Agree
5d6d729b679b200019c12498,structure,Agree
5db7203e98ecdf000ae8d504,structure,Agree
5dcfaad2dd9a740c2493fc28,structure,Strong disagree
5e234e6d06121f5eceaba7f1,structure,Agree
5e4feb8037713502e9ed364b,structure,Agree
5e7d1c1e70dd753a081a29d9,structure,Agree
5e7e1679f8a96f4be83e51e4,structure,Neutral
5e9086ca917d9039e3c4cd25,structure,Strong agree
5ecd61476e04500905a6eed2,structure,Strong agree
5f04dc9fb117c31680c1a4f5,structure,Disagree
5f05ef4bd552bc0009e5566c,structure,Neutral
5f0c86cbe4af1361b7158f3e,structure,Agree
5f11eb333c6e2c0df5b92270,structure,Agree
5f1beeacb55680420cfcae9e,structure,Agree
5f2f280854c3203084e218e5,structure,Strong agree
5f35222b79aaa5065c8919bd,structure,Neutral
5f4fbebb8bb76c0c01881651,structure,Neutral
5f514593ea1e87365b9cb05f,structure,Agree
5f653cb18aad310a9ee7c32d,structure,Agree
5f70576bb22a006197aea6de,structure,Strong agree
5fb8dc3c8e8e964121c6aa4c,structure,Agree
5fd4d10b2f970406fe63ad96,structure,Agree
5fef2fa9efea401f0b55a7c2,structure,Disagree
6002ae1ea178912bfa128adf,structure,Agree
600c125c46cf802e41733705,structure,Agree
604a4755d62e5590404b5426,structure,Agree
604fa685e33606f9a0ee8189,structure,Strong agree
60537fdcda0ac05f1c59c57f,structure,Disagree
605731872f40ec675cdf1f0b,structure,Neutral
605a25c743f7ab91b0881ddf,structure,Disagree
609510855d0c8e5bd0bdaf98,structure,Agree
609eda349f5d29975fbc2145,structure,Agree
60ae777b1f2abe681e903d0d,structure,Agree
60d3867b6e7529fc77032b54,structure,Agree
60fae066c4ab91522a85f075,structure,Agree
6100105892a2248ae5d48498,structure,Agree
6107b81f125c20be9e368b49,structure,Agree
61166b2cec63d8ea49e36aac,structure,Strong agree
61333ed3b980f519ee86c45c,structure,Disagree
61572b39d8a0be3869ccd5ae,structure,Agree
616c83fb9916289f401fb837,structure,Agree
6234905bd877b34677aaa521,structure,Agree
62a76cb3209f192d4ac62bec,structure,Agree
62ac24c9af89f1f28aea1d11,structure,Strong agree
62c5ebe612c40c7e32390bf6,structure,Neutral
62e3f7b224ec70641fd86b7b,structure,Agree
62fbd2e4a303a0c6ff0874b1,structure,Disagree
63469da3cef76cc5b3523b97,structure,Agree
6346e117e4e283094ff51b84,structure,Neutral
638e2eed82fa613f2140ba13,structure,Agree
6394a8f1f510b07aeaf465e0,structure,Agree
6399d599c9d83e0ed0317ea2,structure,Agree
63e57ca5d6e126546cfc66bf,structure,Neutral
63f85b1c3124fd03faff2126,structure,Agree
640485331e13a7bfa4a43d46,structure,Agree
6441204e8a1c0c51415ce0f8,structure,Agree
6441795624090301ddeba81e,structure,Neutral
6447cf4c43802edcd6b846bc,structure,Strong agree
64784f5998230a548cb9cc60,structure,Agree
648028bc524faa07ef0547eb,structure,Agree
6501b7fd7c5faeb580b81204,structure,Strong agree
65030c046782881e902a5aaa,structure,Agree
650ae1b2157df341fd193714,structure,Strong agree
65456ebc819cdd5600552571,structure,Neutral
6559e8fcb4e07db3db4e2165,structure,Disagree
656f3c80f7ac5f41e230b9ee,structure,Agree
6570824312e21ad0a49858f4,structure,Strong disagree
657b2d22191dda04598ef38b,structure,Neutral
65ff48ba8866040c0d0649c5,structure,Disagree
66084cde8c8b94db6ce51ac9,structure,Disagree
660ed790b7c0b8649c41f432,structure,Agree
6630f6bfbdc7906ef7c0ee24,structure,Disagree
66338f4346e84e4f0469bc21,structure,Disagree
663a28078139647b4663d09f,structure,Agree
664b530d4cf8b88b68548a11,structure,Disagree
6658b161dc9f95822cbcf443,structure,Strong agree
6658b52898569e477b21cf41,structure,Agree
6658c369bc36ded0ffe472b8,structure,Neutral
6658c6e6298aedbc9b7ac19c,structure,Neutral
6658d13e8f1ee667f426421c,structure,Strong agree
6658d9826d4ec610f1b0cc33,structure,Agree
6659b0c46a1675f2d40e2586,structure,Strong agree
6659f89651bdadba584e647c,structure,Agree
665bae8786e39a9d3071ef7c,structure,Agree
665e0faa748512c88de27385,structure,Strong agree
665fa30eccda55b454554d95,structure,Strong agree
6671adcf4074ec7382ad560e,structure,Agree
6676e7538c7c4c68e18aa31a,structure,Strong agree
66774233add67a4a8e71398e,structure,Neutral
6679886309dd90c237d80e5d,structure,Strong agree
667ac4dcd237965bb30cb0d0,structure,Agree
6682935831ecbb91041102e5,structure,Agree
6683b0f95482b81b9714b57c,structure,Agree
66847cc7c67232fae11af5b3,structure,Agree
668c39cf43ce2932522f9d37,structure,Strong agree
668d371bd614f22c3433ea48,structure,Agree
668fa82eb6aad7177cb29ba0,structure,Agree
669038b13e852687aaf4a1cb,structure,Agree
66912ce354d84162615be8ba,structure,Neutral
66924f3f720e8dcc562ef6fd,structure,Agree
66958ca9d7179281d46faf5d,structure,Disagree
6697864e364c6864275e4a17,structure,Agree
669d7d04ec742963733a5b35,structure,Disagree
66a15c42533255e95d1d34a1,structure,Agree
66a63fbb0a4f33f35327ed8b,structure,Agree
66aa8dcfbc121dcef0433ecf,structure,Agree
66b0829f976a969235a5ca75,structure,Agree
66ba62aba868595bbef88f10,structure,Disagree
66c5e698d9527f93c31cab42,structure,Strong agree
66c746f450506abe4d80b5e1,structure,Strong agree
66cf306107ad4fcf4bef6f2f,structure,Agree
66d05ce2ebc84bef33af3a06,structure,Agree
66d9a01e46a5112c3146c2bd,structure,Agree
66df649422e557253882cee8,structure,Agree
66edea9d406f629b67ce30b8,structure,Disagree
66f1aeb024eaa71730ee0d8f,structure,Agree
66fd3f6c93c24ecc119be354,structure,Agree
670939463679b3968927066e,structure,Agree
6709725953883fa2a8fe6957,structure,Agree
670ffdb6896bad5ab5d6f894,structure,Strong agree
6713edf459846149d7bcc948,structure,Neutral
6715013670bed7e4e955f109,structure,Disagree
67150a8c59846149d7bd00f2,structure,Agree
671566748ec974a47ace455b,structure,Agree
6718f7d06399295fc47821c0,structure,Neutral
671a5b8dfc53e73310491a62,structure,Neutral
67202234fd2f16cdb9c34721,structure,Agree
67236d7fadd6365361bd7cc0,structure,Agree
6727964977929019f6ff8a5d,structure,Disagree
672b2e8321750551265ac390,structure,Strong agree
672b8d3c37b9296c39c3f677,structure,Agree
672c33aafed3be2f2a6ccfa0,structure,Strong agree
672d027eb57569b5077e0cc4,structure,Agree
672d2977ae54935ef84a2b74,structure,Disagree
672f38145bf80a772f4ac20a,structure,Strong agree
67320610635afc65498583cb,structure,Strong agree
6734acb87201d0735d63632c,structure,Neutral
6737d9fe76856492fd1603ef,structure,Agree
6738a38d5b42ebdad45239a4,structure,Strong agree
6738dae02c5a63be153fbe29,structure,Neutral
673b5c1281eb82f767f4d71c,structure,Neutral
673bab950ce7fb673ff7eecc,structure,Agree
673e1fe5947080d86c749aff,structure,Agree
6740fd7385a9299cf29bdf96,structure,Agree
6742f8bfd1cce3eadeee8c62,structure,Neutral
6744d50e3bd8711b57216cd2,structure,Strong agree
67465c29233ddf0c2040ced8,structure,Strong agree
6747536d88cb6d53b9bed191,structure,Strong agree
6751467d0ef4bb17c804e4c0,structure,Agree
675590f1eeef66188a85e1cd,structure,Neutral
67580f69a9a3cb759240904b,structure,Agree
67591767ad41717a9710c4b8,structure,Neutral
6759718f66f6d338a0663100,structure,Neutral
675af02593fabc7398d6447e,structure,Disagree
675e06422af6e9cb4bcbd459,structure,Agree
675e8e92f5b7ffad57a265b1,structure,Neutral
67605cad2b91076c10846479,structure,Agree
676060fef2955d6112c7e224,structure,Agree
67609dc51817400f95f9db14,structure,Agree
6760c6a23c7512b7ca3383d0,structure,Strong agree
676288b65215f42b28a98b3f,structure,Agree
67644c9e4a8508ec299135c5,structure,Agree
67657ea1ad7558bf427f3a22,structure,Neutral
67687d94d5edc29f07de0176,structure,Agree
676d0d8ea1b34584f966c1f6,structure,Agree
676d3ef7769d39d4537e67d4,structure,Agree
676ee670250de1d8b3e57b03,structure,Disagree
676fb072a0f80a990bd4cd32,structure,Agree
67717e578f7fc3b6ff3c6ae8,structure,Strong agree
677299ebbff623812504a11d,structure,Strong agree
6772b66d08f724d93d1aab73,structure,Agree
6772e1e5965ccca40d8cfba9,structure,Strong agree
6773e8418b4496160ace9137,structure,Agree
6775b6f1acaab15bb77f71af,structure,Agree
677692c13cfeae70079e3caa,structure,Agree
6777bc5eec85e7e2afa09d77,structure,Agree
6777f8aafc72369e96bb6da6,structure,Neutral
6779cadff8dc4ddeecc54ce2,structure,Neutral
677a5d8e2115bfbb2fa0c73c,structure,Strong agree
677be7f32b827fb2ae1eb7f0,structure,Disagree
677e74c8dd1dce11a8f96f88,structure,Agree
678019571a2ac0496e597be5,structure,Disagree
6783379eb9fef4654886ead1,structure,Agree
6788228f3fcc7c8b75b77522,structure,Agree
67a688221058a62a9fa76a82,structure,Strong disagree
566feba6b937e400052d33b2,safety,Disagree
56f699e876348f000c883bba,safety,Strong disagree
577a3dfd92c50c0001c9488f,safety,Disagree
57b4a771cda70d0001534835,safety,Neutral
57c357770e6a1f00015f6038,safety,Disagree
57dd3b0e91b7fc0001493db9,safety,Strong disagree
58d43fb77c08be0001c24830,safety,Disagree
595d3afcdd044900012ce78a,safety,Strong disagree
5962a5b29955ee00015bce98,safety,Neutral
598f22af33481c000164d359,safety,Strong disagree
599442e6bf8bcf0001ab6857,safety,Disagree
5997043dbbe84800017964a7,safety,Disagree
599ab130b5566b0001aa85bb,safety,Neutral
599acb2f6c165e000113fc70,safety,Neutral
59baa4f5178f1b00018289b2,safety,Disagree
59d1f0fffaf42e00012b6c20,safety,Agree
59d3b07947f4e80001a6c551,safety,Disagree
59dccd61e75b450001a689b7,safety,Strong disagree
59e7232f24d7bf00012f112e,safety,Disagree
59ef022eae9f950001d84a43,safety,Strong disagree
5a57e4f7acc75b00017a2dcd,safety,Disagree
5a75b131eea3d300016ddc70,safety,Strong disagree
5a9c41f2dbdb470001eeef9c,safety,Strong disagree
5a9c4b3d35237b000112a00e,safety,Strong disagree
5aafd9eff69e940001d88bf4,safety,Neutral
5b2bcfb51835660001cc6751,safety,Agree
5b2bd649ed66460001e86e39,safety,Disagree
5b4a3ab1bc06c90001f902f4,safety,Disagree
5bf53b3c87780800014ed5aa,safety,Disagree
5c197c9c020cbb00011201fe,safety,Strong disagree
5c37a0e7bef9a20001e3a497,safety,Disagree
5c407a2c41b3f9000195e19f,safety,Strong disagree
5c4602713d08e80001369876,safety,Neutral
5c4a061161db8c00015e4fb0,safety,Strong disagree
5c59e12429f64c0001cc6436,safety,Neutral
5c5b66cb3312f1000112f694,safety,Strong disagree
5c5d36bc034e280001644c3b,safety,Disagree
5c5ff87f8c0552000109d7de,safety,Disagree
5c72f9bf8711bf000139c5ee,safety,Neutral
5cad1eef8ed53d00180d2532,safety,Strong disagree
5cb87813635b940017c2037a,safety,Disagree
5cc99062d918560016acf6ac,safety,Strong disagree
5ce15b0ea7b516001828c646,safety,Disagree
5cedaba627d8ce00018469bb,safety,Agree
5d02a158c8a372001abf3b30,safety,Strong disagree
5d038adefda4bb00013f8afb,safety,Disagree
5d0a5d36d41b4b00172c3cc9,safety,Strong disagree
5d20c6d5b1e50a001c19e622,safety,Agree
5d3bfbebfd9694001a2d0f99,safety,Strong disagree
5d6d729b679b200019c12498,safety,Disagree
5db7203e98ecdf000ae8d504,safety,Disagree
5dcfaad2dd9a740c2493fc28,safety,Agree
5e234e6d06121f5eceaba7f1,safety,Disagree
5e4feb8037713502e9ed364b,safety,Strong disagree
5e7d1c1e70dd753a081a29d9,safety,Agree
5e7e1679f8a96f4be83e51e4,safety,Agree
5e9086ca917d9039e3c4cd25,safety,Strong disagree
5ecd61476e04500905a6eed2,safety,Strong disagree
5f04dc9fb117c31680c1a4f5,safety,Agree
5f05ef4bd552bc0009e5566c,safety,Strong disagree
5f0c86cbe4af1361b7158f3e,safety,Neutral
5f11eb333c6e2c0df5b92270,safety,Disagree
5f1beeacb55680420cfcae9e,safety,Disagree
5f2f280854c3203084e218e5,safety,Strong disagree
5f35222b79aaa5065c8919bd,safety,Strong disagree
5f4fbebb8bb76c0c01881651,safety,Agree
5f514593ea1e87365b9cb05f,safety,Disagree
5f653cb18aad310a9ee7c32d,safety,Strong disagree
5f70576bb22a006197aea6de,safety,Strong disagree
5fb8dc3c8e8e964121c6aa4c,safety,Disagree
5fd4d10b2f970406fe63ad96,safety,Strong disagree
5fef2fa9efea401f0b55a7c2,safety,Neutral
6002ae1ea178912bfa128adf,safety,Disagree
600c125c46cf802e41733705,safety,Disagree
604a4755d62e5590404b5426,safety,Agree
604fa685e33606f9a0ee8189,safety,Strong disagree
60537fdcda0ac05f1c59c57f,safety,Disagree
605731872f40ec675cdf1f0b,safety,Neutral
605a25c743f7ab91b0881ddf,safety,Disagree
609510855d0c8e5bd0bdaf98,safety,Disagree
609eda349f5d29975fbc2145,safety,Neutral
60ae777b1f2abe681e903d0d,safety,Disagree
60d3867b6e7529fc77032b54,safety,Strong disagree
60fae066c4ab91522a85f075,safety,Strong disagree
6100105892a2248ae5d48498,safety,Strong disagree
6107b81f125c20be9e368b49,safety,Disagree
61166b2cec63d8ea49e36aac,safety,Strong disagree
61333ed3b980f519ee86c45c,safety,Neutral
61572b39d8a0be3869ccd5ae,safety,Strong disagree
616c83fb9916289f401fb837,safety,Strong disagree
6234905bd877b34677aaa521,safety,Disagree
62a76cb3209f192d4ac62bec,safety,Disagree
62ac24c9af89f1f28aea1d11,safety,Strong disagree
62c5ebe612c40c7e32390bf6,safety,Disagree
62e3f7b224ec70641fd86b7b,safety,Strong disagree
62fbd2e4a303a0c6ff0874b1,safety,Neutral
63469da3cef76cc5b3523b97,safety,Neutral
6346e117e4e283094ff51b84,safety,Agree
638e2eed82fa613f2140ba13,safety,Strong disagree
6394a8f1f510b07aeaf465e0,safety,Strong disagree
6399d599c9d83e0ed0317ea2,safety,Disagree
63e57ca5d6e126546cfc66bf,safety,Agree
63f85b1c3124fd03faff2126,safety,Disagree
640485331e13a7bfa4a43d46,safety,Strong disagree
6441204e8a1c0c51415ce0f8,safety,Strong disagree
6441795624090301ddeba81e,safety,Disagree
6447cf4c43802edcd6b846bc,safety,Disagree
64784f5998230a548cb9cc60,safety,Strong disagree
648028bc524faa07ef0547eb,safety,Neutral
6501b7fd7c5faeb580b81204,safety,Strong disagree
65030c046782881e902a5aaa,safety,Strong disagree
650ae1b2157df341fd193714,safety,Strong disagree
65456ebc819cdd5600552571,safety,Neutral
6559e8fcb4e07db3db4e2165,safety,Disagree
656f3c80f7ac5f41e230b9ee,safety,Disagree
6570824312e21ad0a49858f4,safety,Agree
657b2d22191dda04598ef38b,safety,Disagree
65ff48ba8866040c0d0649c5,safety,Agree
66084cde8c8b94db6ce51ac9,safety,Agree
660ed790b7c0b8649c41f432,safety,Disagree
6630f6bfbdc7906ef7c0ee24,safety,Disagree
66338f4346e84e4f0469bc21,safety,Neutral
663a28078139647b4663d09f,safety,Strong disagree
664b530d4cf8b88b68548a11,safety,Agree
6658b161dc9f95822cbcf443,safety,Strong disagree
6658b52898569e477b21cf41,safety,Strong disagree
6658c369bc36ded0ffe472b8,safety,Neutral
6658c6e6298aedbc9b7ac19c,safety,Disagree
6658d13e8f1ee667f426421c,safety,Disagree
6658d9826d4ec610f1b0cc33,safety,Strong disagree
6659b0c46a1675f2d40e2586,safety,Strong disagree
6659f89651bdadba584e647c,safety,Strong disagree
665bae8786e39a9d3071ef7c,safety,Disagree
665e0faa748512c88de27385,safety,Strong disagree
665fa30eccda55b454554d95,safety,Strong disagree
6671adcf4074ec7382ad560e,safety,Disagree
6676e7538c7c4c68e18aa31a,safety,Strong disagree
66774233add67a4a8e71398e,safety,Neutral
6679886309dd90c237d80e5d,safety,Strong disagree
667ac4dcd237965bb30cb0d0,safety,Strong disagree
6682935831ecbb91041102e5,safety,Disagree
6683b0f95482b81b9714b57c,safety,Strong disagree
66847cc7c67232fae11af5b3,safety,Neutral
668c39cf43ce2932522f9d37,safety,Strong disagree
668d371bd614f22c3433ea48,safety,Strong disagree
668fa82eb6aad7177cb29ba0,safety,Strong disagree
669038b13e852687aaf4a1cb,safety,Disagree
66912ce354d84162615be8ba,safety,Strong disagree
66924f3f720e8dcc562ef6fd,safety,Strong disagree
66958ca9d7179281d46faf5d,safety,Disagree
6697864e364c6864275e4a17,safety,Strong disagree
669d7d04ec742963733a5b35,safety,Disagree
66a15c42533255e95d1d34a1,safety,Strong disagree
66a63fbb0a4f33f35327ed8b,safety,Strong disagree
66aa8dcfbc121dcef0433ecf,safety,Strong disagree
66b0829f976a969235a5ca75,safety,Disagree
66ba62aba868595bbef88f10,safety,Strong disagree
66c5e698d9527f93c31cab42,safety,Disagree
66c746f450506abe4d80b5e1,safety,Strong disagree
66cf306107ad4fcf4bef6f2f,safety,Strong disagree
66d05ce2ebc84bef33af3a06,safety,Strong disagree
66d9a01e46a5112c3146c2bd,safety,Agree
66df649422e557253882cee8,safety,Disagree
66edea9d406f629b67ce30b8,safety,Neutral
66f1aeb024eaa71730ee0d8f,safety,Disagree
66fd3f6c93c24ecc119be354,safety,Strong disagree
670939463679b3968927066e,safety,Neutral
6709725953883fa2a8fe6957,safety,Strong disagree
670ffdb6896bad5ab5d6f894,safety,Strong disagree
6713edf459846149d7bcc948,safety,Disagree
6715013670bed7e4e955f109,safety,Disagree
67150a8c59846149d7bd00f2,safety,Neutral
671566748ec974a47ace455b,safety,Strong disagree
6718f7d06399295fc47821c0,safety,Strong disagree
671a5b8dfc53e73310491a62,safety,Strong disagree
67202234fd2f16cdb9c34721,safety,Strong disagree
67236d7fadd6365361bd7cc0,safety,Disagree
6727964977929019f6ff8a5d,safety,Strong disagree
672b2e8321750551265ac390,safety,Strong disagree
672b8d3c37b9296c39c3f677,safety,Disagree
672c33aafed3be2f2a6ccfa0,safety,Strong disagree
672d027eb57569b5077e0cc4,safety,Strong disagree
672d2977ae54935ef84a2b74,safety,Strong disagree
672f38145bf80a772f4ac20a,safety,Strong disagree
67320610635afc65498583cb,safety,Strong disagree
6734acb87201d0735d63632c,safety,Agree
6737d9fe76856492fd1603ef,safety,Neutral
6738a38d5b42ebdad45239a4,safety,Neutral
6738dae02c5a63be153fbe29,safety,Neutral
673b5c1281eb82f767f4d71c,safety,Strong disagree
673bab950ce7fb673ff7eecc,safety,Disagree
673e1fe5947080d86c749aff,safety,Disagree
6740fd7385a9299cf29bdf96,safety,Disagree
6742f8bfd1cce3eadeee8c62,safety,Disagree
6744d50e3bd8711b57216cd2,safety,Strong disagree
67465c29233ddf0c2040ced8,safety,Strong disagree
6747536d88cb6d53b9bed191,safety,Strong disagree
6751467d0ef4bb17c804e4c0,safety,Strong disagree
675590f1eeef66188a85e1cd,safety,Strong disagree
67580f69a9a3cb759240904b,safety,Disagree
67591767ad41717a9710c4b8,safety,Neutral
6759718f66f6d338a0663100,safety,Agree
675af02593fabc7398d6447e,safety,Neutral
675e06422af6e9cb4bcbd459,safety,Disagree
675e8e92f5b7ffad57a265b1,safety,Disagree
67605cad2b91076c10846479,safety,Agree
676060fef2955d6112c7e224,safety,Neutral
67609dc51817400f95f9db14,safety,Strong disagree
6760c6a23c7512b7ca3383d0,safety,Disagree
676288b65215f42b28a98b3f,safety,Disagree
67644c9e4a8508ec299135c5,safety,Disagree
67657ea1ad7558bf427f3a22,safety,Neutral
67687d94d5edc29f07de0176,safety,Strong disagree
676d0d8ea1b34584f966c1f6,safety,Agree
676d3ef7769d39d4537e67d4,safety,Strong disagree
676ee670250de1d8b3e57b03,safety,Disagree
676fb072a0f80a990bd4cd32,safety,Neutral
67717e578f7fc3b6ff3c6ae8,safety,Disagree
677299ebbff623812504a11d,safety,Strong disagree
6772b66d08f724d93d1aab73,safety,Strong disagree
6772e1e5965ccca40d8cfba9,safety,Strong disagree
6773e8418b4496160ace9137,safety,Neutral
6775b6f1acaab15bb77f71af,safety,Disagree
677692c13cfeae70079e3caa,safety,Strong disagree
6777bc5eec85e7e2afa09d77,safety,Disagree
6777f8aafc72369e96bb6da6,safety,Disagree
6779cadff8dc4ddeecc54ce2,safety,Strong disagree
677a5d8e2115bfbb2fa0c73c,safety,Strong disagree
677be7f32b827fb2ae1eb7f0,safety,Strong disagree
677e74c8dd1dce11a8f96f88,safety,Disagree
678019571a2ac0496e597be5,safety,Disagree
6783379eb9fef4654886ead1,safety,Strong disagree
6788228f3fcc7c8b75b77522,safety,Disagree
67a688221058a62a9fa76a82,safety,Strong disagree
566feba6b937e400052d33b2,trust,Strong agree
56f699e876348f000c883bba,trust,Disagree
577a3dfd92c50c0001c9488f,trust,Neutral
57b4a771cda70d0001534835,trust,Disagree
57c357770e6a1f00015f6038,trust,Neutral
57dd3b0e91b7fc0001493db9,trust,Strong agree
58d43fb77c08be0001c24830,trust,Neutral
595d3afcdd044900012ce78a,trust,Disagree
5962a5b29955ee00015bce98,trust,Disagree
598f22af33481c000164d359,trust,Agree
599442e6bf8bcf0001ab6857,trust,Neutral
5997043dbbe84800017964a7,trust,Agree
599ab130b5566b0001aa85bb,trust,Disagree
599acb2f6c165e000113fc70,trust,Neutral
59baa4f5178f1b00018289b2,trust,Disagree
59d1f0fffaf42e00012b6c20,trust,Disagree
59d3b07947f4e80001a6c551,trust,Neutral
59dccd61e75b450001a689b7,trust,Disagree
59e7232f24d7bf00012f112e,trust,Neutral
59ef022eae9f950001d84a43,trust,Strong agree
5a57e4f7acc75b00017a2dcd,trust,Strong disagree
5a75b131eea3d300016ddc70,trust,Neutral
5a9c41f2dbdb470001eeef9c,trust,Agree
5a9c4b3d35237b000112a00e,trust,Agree
5aafd9eff69e940001d88bf4,trust,Disagree
5b2bcfb51835660001cc6751,trust,Disagree
5b2bd649ed66460001e86e39,trust,Agree
5b4a3ab1bc06c90001f902f4,trust,Neutral
5bf53b3c87780800014ed5aa,trust,Disagree
5c197c9c020cbb00011201fe,trust,Strong disagree
5c37a0e7bef9a20001e3a497,trust,Agree
5c407a2c41b3f9000195e19f,trust,Strong agree
5c4602713d08e80001369876,trust,Disagree
5c4a061161db8c00015e4fb0,trust,Strong agree
5c59e12429f64c0001cc6436,trust,Disagree
5c5b66cb3312f1000112f694,trust,Neutral
5c5d36bc034e280001644c3b,trust,Disagree
5c5ff87f8c0552000109d7de,trust,Disagree
5c72f9bf8711bf000139c5ee,trust,Disagree
5cad1eef8ed53d00180d2532,trust,Neutral
5cb87813635b940017c2037a,trust,Agree
5cc99062d918560016acf6ac,trust,Agree
5ce15b0ea7b516001828c646,trust,Disagree
5cedaba627d8ce00018469bb,trust,Disagree
5d02a158c8a372001abf3b30,trust,Neutral
5d038adefda4bb00013f8afb,trust,Disagree
5d0a5d36d41b4b00172c3cc9,trust,Agree
5d20c6d5b1e50a001c19e622,trust,Disagree
5d3bfbebfd9694001a2d0f99,trust,Disagree
5d6d729b679b200019c12498,trust,Neutral
5db7203e98ecdf000ae8d504,trust,Agree
5dcfaad2dd9a740c2493fc28,trust,Strong disagree
5e234e6d06121f5eceaba7f1,trust,Agree
5e4feb8037713502e9ed364b,trust,Disagree
5e7d1c1e70dd753a081a29d9,trust,Agree
5e7e1679f8a96f4be83e51e4,trust,Disagree
5e9086ca917d9039e3c4cd25,trust,Agree
5ecd61476e04500905a6eed2,trust,Agree
5f04dc9fb117c31680c1a4f5,trust,Neutral
5f05ef4bd552bc0009e5566c,trust,Neutral
5f0c86cbe4af1361b7158f3e,trust,Neutral
5f11eb333c6e2c0df5b92270,trust,Neutral
5f1beeacb55680420cfcae9e,trust,Disagree
5f2f280854c3203084e218e5,trust,Strong agree
5f35222b79aaa5065c8919bd,trust,Disagree
5f4fbebb8bb76c0c01881651,trust,Disagree
5f514593ea1e87365b9cb05f,trust,Agree
5f653cb18aad310a9ee7c32d,trust,Agree
5f70576bb22a006197aea6de,trust,Strong agree
5fb8dc3c8e8e964121c6aa4c,trust,Neutral
5fd4d10b2f970406fe63ad96,trust,Neutral
5fef2fa9efea401f0b55a7c2,trust,Strong disagree
6002ae1ea178912bfa128adf,trust,Agree
600c125c46cf802e41733705,trust,Neutral
604a4755d62e5590404b5426,trust,Neutral
604fa685e33606f9a0ee8189,trust,Strong agree
60537fdcda0ac05f1c59c57f,trust,Disagree
605731872f40ec675cdf1f0b,trust,Disagree
605a25c743f7ab91b0881ddf,trust,Disagree
609510855d0c8e5bd0bdaf98,trust,Neutral
609eda349f5d29975fbc2145,trust,Disagree
60ae777b1f2abe681e903d0d,trust,Agree
60d3867b6e7529fc77032b54,trust,Strong agree
60fae066c4ab91522a85f075,trust,Agree
6100105892a2248ae5d48498,trust,Agree
6107b81f125c20be9e368b49,trust,Agree
61166b2cec63d8ea49e36aac,trust,Agree
61333ed3b980f519ee86c45c,trust,Neutral
61572b39d8a0be3869ccd5ae,trust,Agree
616c83fb9916289f401fb837,trust,Agree
6234905bd877b34677aaa521,trust,Agree
62a76cb3209f192d4ac62bec,trust,Strong agree
62ac24c9af89f1f28aea1d11,trust,Agree
62c5ebe612c40c7e32390bf6,trust,Agree
62e3f7b224ec70641fd86b7b,trust,Agree
62fbd2e4a303a0c6ff0874b1,trust,Disagree
63469da3cef76cc5b3523b97,trust,Neutral
6346e117e4e283094ff51b84,trust,Disagree
638e2eed82fa613f2140ba13,trust,Agree
6394a8f1f510b07aeaf465e0,trust,Agree
6399d599c9d83e0ed0317ea2,trust,Disagree
63e57ca5d6e126546cfc66bf,trust,Disagree
63f85b1c3124fd03faff2126,trust,Agree
640485331e13a7bfa4a43d46,trust,Agree
6441204e8a1c0c51415ce0f8,trust,Agree
6441795624090301ddeba81e,trust,Disagree
6447cf4c43802edcd6b846bc,trust,Agree
64784f5998230a548cb9cc60,trust,Agree
648028bc524faa07ef0547eb,trust,Disagree
6501b7fd7c5faeb580b81204,trust,Agree
65030c046782881e902a5aaa,trust,Strong agree
650ae1b2157df341fd193714,trust,Strong agree
65456ebc819cdd5600552571,trust,Neutral
6559e8fcb4e07db3db4e2165,trust,Disagree
656f3c80f7ac5f41e230b9ee,trust,Agree
6570824312e21ad0a49858f4,trust,Strong disagree
657b2d22191dda04598ef38b,trust,Neutral
65ff48ba8866040c0d0649c5,trust,Disagree
66084cde8c8b94db6ce51ac9,trust,Strong disagree
660ed790b7c0b8649c41f432,trust,Agree
6630f6bfbdc7906ef7c0ee24,trust,Neutral
66338f4346e84e4f0469bc21,trust,Disagree
663a28078139647b4663d09f,trust,Agree
664b530d4cf8b88b68548a11,trust,Strong disagree
6658b161dc9f95822cbcf443,trust,Strong agree
6658b52898569e477b21cf41,trust,Agree
6658c369bc36ded0ffe472b8,trust,Disagree
6658c6e6298aedbc9b7ac19c,trust,Neutral
6658d13e8f1ee667f426421c,trust,Strong agree
6658d9826d4ec610f1b0cc33,trust,Agree
6659b0c46a1675f2d40e2586,trust,Agree
6659f89651bdadba584e647c,trust,Agree
665bae8786e39a9d3071ef7c,trust,Agree
665e0faa748512c88de27385,trust,Agree
665fa30eccda55b454554d95,trust,Strong agree
6671adcf4074ec7382ad560e,trust,Neutral
6676e7538c7c4c68e18aa31a,trust,Agree
66774233add67a4a8e71398e,trust,Disagree
6679886309dd90c237d80e5d,trust,Strong agree
667ac4dcd237965bb30cb0d0,trust,Disagree
6682935831ecbb91041102e5,trust,Agree
6683b0f95482b81b9714b57c,trust,Agree
66847cc7c67232fae11af5b3,trust,Neutral
668c39cf43ce2932522f9d37,trust,Strong agree
668d371bd614f22c3433ea48,trust,Disagree
668fa82eb6aad7177cb29ba0,trust,Agree
669038b13e852687aaf4a1cb,trust,Disagree
66912ce354d84162615be8ba,trust,Neutral
66924f3f720e8dcc562ef6fd,trust,Strong agree
66958ca9d7179281d46faf5d,trust,Disagree
6697864e364c6864275e4a17,trust,Strong agree
669d7d04ec742963733a5b35,trust,Neutral
66a15c42533255e95d1d34a1,trust,Agree
66a63fbb0a4f33f35327ed8b,trust,Agree
66aa8dcfbc121dcef0433ecf,trust,Neutral
66b0829f976a969235a5ca75,trust,Agree
66ba62aba868595bbef88f10,trust,Disagree
66c5e698d9527f93c31cab42,trust,Strong agree
66c746f450506abe4d80b5e1,trust,Strong agree
66cf306107ad4fcf4bef6f2f,trust,Agree
66d05ce2ebc84bef33af3a06,trust,Disagree
66d9a01e46a5112c3146c2bd,trust,Disagree
66df649422e557253882cee8,trust,Neutral
66edea9d406f629b67ce30b8,trust,Disagree
66f1aeb024eaa71730ee0d8f,trust,Neutral
66fd3f6c93c24ecc119be354,trust,Agree
670939463679b3968927066e,trust,Disagree
6709725953883fa2a8fe6957,trust,Agree
670ffdb6896bad5ab5d6f894,trust,Agree
6713edf459846149d7bcc948,trust,Agree
6715013670bed7e4e955f109,trust,Strong disagree
67150a8c59846149d7bd00f2,trust,Disagree
671566748ec974a47ace455b,trust,Strong agree
6718f7d06399295fc47821c0,trust,Disagree
671a5b8dfc53e73310491a62,trust,Disagree
67202234fd2f16cdb9c34721,trust,Agree
67236d7fadd6365361bd7cc0,trust,Disagree
6727964977929019f6ff8a5d,trust,Strong disagree
672b2e8321750551265ac390,trust,Agree
672b8d3c37b9296c39c3f677,trust,Agree
672c33aafed3be2f2a6ccfa0,trust,Agree
672d027eb57569b5077e0cc4,trust,Agree
672d2977ae54935ef84a2b74,trust,Neutral
672f38145bf80a772f4ac20a,trust,Strong agree
67320610635afc65498583cb,trust,Strong agree
6734acb87201d0735d63632c,trust,Disagree
6737d9fe76856492fd1603ef,trust,Disagree
6738a38d5b42ebdad45239a4,trust,Disagree
6738dae02c5a63be153fbe29,trust,Strong disagree
673b5c1281eb82f767f4d71c,trust,Agree
673bab950ce7fb673ff7eecc,trust,Neutral
673e1fe5947080d86c749aff,trust,Neutral
6740fd7385a9299cf29bdf96,trust,Disagree
6742f8bfd1cce3eadeee8c62,trust,Disagree
6744d50e3bd8711b57216cd2,trust,Agree
67465c29233ddf0c2040ced8,trust,Strong agree
6747536d88cb6d53b9bed191,trust,Strong agree
6751467d0ef4bb17c804e4c0,trust,Neutral
675590f1eeef66188a85e1cd,trust,Strong disagree
67580f69a9a3cb759240904b,trust,Agree
67591767ad41717a9710c4b8,trust,Disagree
6759718f66f6d338a0663100,trust,Disagree
675af02593fabc7398d6447e,trust,Strong disagree
675e06422af6e9cb4bcbd459,trust,Agree
675e8e92f5b7ffad57a265b1,trust,Agree
67605cad2b91076c10846479,trust,Strong disagree
676060fef2955d6112c7e224,trust,Neutral
67609dc51817400f95f9db14,trust,Agree
6760c6a23c7512b7ca3383d0,trust,Agree
676288b65215f42b28a98b3f,trust,Neutral
67644c9e4a8508ec299135c5,trust,Agree
67657ea1ad7558bf427f3a22,trust,Disagree
67687d94d5edc29f07de0176,trust,Agree
676d0d8ea1b34584f966c1f6,trust,Disagree
676d3ef7769d39d4537e67d4,trust,Strong agree
676ee670250de1d8b3e57b03,trust,Strong disagree
676fb072a0f80a990bd4cd32,trust,Neutral
67717e578f7fc3b6ff3c6ae8,trust,Strong agree
677299ebbff623812504a11d,trust,Strong agree
6772b66d08f724d93d1aab73,trust,Agree
6772e1e5965ccca40d8cfba9,trust,Agree
6773e8418b4496160ace9137,trust,Disagree
6775b6f1acaab15bb77f71af,trust,Neutral
677692c13cfeae70079e3caa,trust,Strong agree
6777bc5eec85e7e2afa09d77,trust,Agree
6777f8aafc72369e96bb6da6,trust,Disagree
6779cadff8dc4ddeecc54ce2,trust,Neutral
677a5d8e2115bfbb2fa0c73c,trust,Strong agree
677be7f32b827fb2ae1eb7f0,trust,Neutral
677e74c8dd1dce11a8f96f88,trust,Disagree
678019571a2ac0496e597be5,trust,Disagree
6783379eb9fef4654886ead1,trust,Neutral
6788228f3fcc7c8b75b77522,trust,Disagree
67a688221058a62a9fa76a82,trust,Neutral
566feba6b937e400052d33b2,rationale,Strong agree
56f699e876348f000c883bba,rationale,Neutral
577a3dfd92c50c0001c9488f,rationale,Agree
57b4a771cda70d0001534835,rationale,Disagree
57c357770e6a1f00015f6038,rationale,Neutral
57dd3b0e91b7fc0001493db9,rationale,Strong agree
58d43fb77c08be0001c24830,rationale,Neutral
595d3afcdd044900012ce78a,rationale,Disagree
5962a5b29955ee00015bce98,rationale,Disagree
598f22af33481c000164d359,rationale,Strong agree
599442e6bf8bcf0001ab6857,rationale,Agree
5997043dbbe84800017964a7,rationale,Agree
599ab130b5566b0001aa85bb,rationale,Agree
599acb2f6c165e000113fc70,rationale,Neutral
59baa4f5178f1b00018289b2,rationale,Agree
59d1f0fffaf42e00012b6c20,rationale,Agree
59d3b07947f4e80001a6c551,rationale,Neutral
59dccd61e75b450001a689b7,rationale,Agree
59e7232f24d7bf00012f112e,rationale,Neutral
59ef022eae9f950001d84a43,rationale,Strong agree
5a57e4f7acc75b00017a2dcd,rationale,Disagree
5a75b131eea3d300016ddc70,rationale,Agree
5a9c41f2dbdb470001eeef9c,rationale,Agree
5a9c4b3d35237b000112a00e,rationale,Agree
5aafd9eff69e940001d88bf4,rationale,Disagree
5b2bcfb51835660001cc6751,rationale,Neutral
5b2bd649ed66460001e86e39,rationale,Strong agree
5b4a3ab1bc06c90001f902f4,rationale,Agree
5bf53b3c87780800014ed5aa,rationale,Neutral
5c197c9c020cbb00011201fe,rationale,Neutral
5c37a0e7bef9a20001e3a497,rationale,Agree
5c407a2c41b3f9000195e19f,rationale,Strong agree
5c4602713d08e80001369876,rationale,Disagree
5c4a061161db8c00015e4fb0,rationale,Strong agree
5c59e12429f64c0001cc6436,rationale,Agree
5c5b66cb3312f1000112f694,rationale,Agree
5c5d36bc034e280001644c3b,rationale,Neutral
5c5ff87f8c0552000109d7de,rationale,Disagree
5c72f9bf8711bf000139c5ee,rationale,Disagree
5cad1eef8ed53d00180d2532,rationale,Agree
5cb87813635b940017c2037a,rationale,Strong agree
5cc99062d918560016acf6ac,rationale,Strong agree
5ce15b0ea7b516001828c646,rationale,Neutral
5cedaba627d8ce00018469bb,rationale,Disagree
5d02a158c8a372001abf3b30,rationale,Agree
5d038adefda4bb00013f8afb,rationale,Neutral
5d0a5d36d41b4b00172c3cc9,rationale,Agree
5d20c6d5b1e50a001c19e622,rationale,Neutral
5d3bfbebfd9694001a2d0f99,rationale,Agree
5d6d729b679b200019c12498,rationale,Agree
5db7203e98ecdf000ae8d504,rationale,Agree
5dcfaad2dd9a740c2493fc28,rationale,Strong disagree
5e234e6d06121f5eceaba7f1,rationale,Agree
5e4feb8037713502e9ed364b,rationale,Neutral
5e7d1c1e70dd753a081a29d9,rationale,Agree
5e7e1679f8a96f4be83e51e4,rationale,Neutral
5e9086ca917d9039e3c4cd25,rationale,Agree
5ecd61476e04500905a6eed2,rationale,Agree
5f04dc9fb117c31680c1a4f5,rationale,Disagree
5f05ef4bd552bc0009e5566c,rationale,Disagree
5f0c86cbe4af1361b7158f3e,rationale,Agree
5f11eb333c6e2c0df5b92270,rationale,Neutral
5f1beeacb55680420cfcae9e,rationale,Agree
5f2f280854c3203084e218e5,rationale,Strong agree
5f35222b79aaa5065c8919bd,rationale,Agree
5f4fbebb8bb76c0c01881651,rationale,Neutral
5f514593ea1e87365b9cb05f,rationale,Agree
5f653cb18aad310a9ee7c32d,rationale,Agree
5f70576bb22a006197aea6de,rationale,Strong agree
5fb8dc3c8e8e964121c6aa4c,rationale,Agree
5fd4d10b2f970406fe63ad96,rationale,Neutral
5fef2fa9efea401f0b55a7c2,rationale,Strong disagree
6002ae1ea178912bfa128adf,rationale,Agree
600c125c46cf802e41733705,rationale,Disagree
604a4755d62e5590404b5426,rationale,Neutral
604fa685e33606f9a0ee8189,rationale,Strong agree
60537fdcda0ac05f1c59c57f,rationale,Agree
605731872f40ec675cdf1f0b,rationale,Strong agree
605a25c743f7ab91b0881ddf,rationale,Neutral
609510855d0c8e5bd0bdaf98,rationale,Neutral
609eda349f5d29975fbc2145,rationale,Neutral
60ae777b1f2abe681e903d0d,rationale,Agree
60d3867b6e7529fc77032b54,rationale,Agree
60fae066c4ab91522a85f075,rationale,Agree
6100105892a2248ae5d48498,rationale,Agree
6107b81f125c20be9e368b49,rationale,Strong agree
61166b2cec63d8ea49e36aac,rationale,Agree
61333ed3b980f519ee86c45c,rationale,Agree
61572b39d8a0be3869ccd5ae,rationale,Agree
616c83fb9916289f401fb837,rationale,Agree
6234905bd877b34677aaa521,rationale,Agree
62a76cb3209f192d4ac62bec,rationale,Agree
62ac24c9af89f1f28aea1d11,rationale,Strong agree
62c5ebe612c40c7e32390bf6,rationale,Agree
62e3f7b224ec70641fd86b7b,rationale,Agree
62fbd2e4a303a0c6ff0874b1,rationale,Disagree
63469da3cef76cc5b3523b97,rationale,Agree
6346e117e4e283094ff51b84,rationale,Neutral
638e2eed82fa613f2140ba13,rationale,Agree
6394a8f1f510b07aeaf465e0,rationale,Agree
6399d599c9d83e0ed0317ea2,rationale,Neutral
63e57ca5d6e126546cfc66bf,rationale,Agree
63f85b1c3124fd03faff2126,rationale,Agree
640485331e13a7bfa4a43d46,rationale,Agree
6441204e8a1c0c51415ce0f8,rationale,Agree
6441795624090301ddeba81e,rationale,Neutral
6447cf4c43802edcd6b846bc,rationale,Strong agree
64784f5998230a548cb9cc60,rationale,Agree
648028bc524faa07ef0547eb,rationale,Neutral
6501b7fd7c5faeb580b81204,rationale,Strong agree
65030c046782881e902a5aaa,rationale,Agree
650ae1b2157df341fd193714,rationale,Strong agree
65456ebc819cdd5600552571,rationale,Neutral
6559e8fcb4e07db3db4e2165,rationale,Disagree
656f3c80f7ac5f41e230b9ee,rationale,Agree
6570824312e21ad0a49858f4,rationale,Disagree
657b2d22191dda04598ef38b,rationale,Neutral
65ff48ba8866040c0d0649c5,rationale,Disagree
66084cde8c8b94db6ce51ac9,rationale,Disagree
660ed790b7c0b8649c41f432,rationale,Neutral
6630f6bfbdc7906ef7c0ee24,rationale,Disagree
66338f4346e84e4f0469bc21,rationale,Neutral
663a28078139647b4663d09f,rationale,Agree
664b530d4cf8b88b68548a11,rationale,Disagree
6658b161dc9f95822cbcf443,rationale,Strong agree
6658b52898569e477b21cf41,rationale,Agree
6658c369bc36ded0ffe472b8,rationale,Disagree
6658c6e6298aedbc9b7ac19c,rationale,Disagree
6658d13e8f1ee667f426421c,rationale,Strong agree
6658d9826d4ec610f1b0cc33,rationale,Agree
6659b0c46a1675f2d40e2586,rationale,Agree
6659f89651bdadba584e647c,rationale,Strong agree
665bae8786e39a9d3071ef7c,rationale,Agree
665e0faa748512c88de27385,rationale,Agree
665fa30eccda55b454554d95,rationale,Strong agree
6671adcf4074ec7382ad560e,rationale,Neutral
6676e7538c7c4c68e18aa31a,rationale,Agree
66774233add67a4a8e71398e,rationale,Agree
6679886309dd90c237d80e5d,rationale,Strong agree
667ac4dcd237965bb30cb0d0,rationale,Neutral
6682935831ecbb91041102e5,rationale,Agree
6683b0f95482b81b9714b57c,rationale,Agree
66847cc7c67232fae11af5b3,rationale,Agree
668c39cf43ce2932522f9d37,rationale,Strong agree
668d371bd614f22c3433ea48,rationale,Neutral
668fa82eb6aad7177cb29ba0,rationale,Strong agree
669038b13e852687aaf4a1cb,rationale,Disagree
66912ce354d84162615be8ba,rationale,Neutral
66924f3f720e8dcc562ef6fd,rationale,Agree
66958ca9d7179281d46faf5d,rationale,Disagree
6697864e364c6864275e4a17,rationale,Agree
669d7d04ec742963733a5b35,rationale,Agree
66a15c42533255e95d1d34a1,rationale,Agree
66a63fbb0a4f33f35327ed8b,rationale,Strong agree
66aa8dcfbc121dcef0433ecf,rationale,Disagree
66b0829f976a969235a5ca75,rationale,Agree
66ba62aba868595bbef88f10,rationale,Neutral
66c5e698d9527f93c31cab42,rationale,Strong agree
66c746f450506abe4d80b5e1,rationale,Agree
66cf306107ad4fcf4bef6f2f,rationale,Agree
66d05ce2ebc84bef33af3a06,rationale,Neutral
66d9a01e46a5112c3146c2bd,rationale,Agree
66df649422e557253882cee8,rationale,Neutral
66edea9d406f629b67ce30b8,rationale,Disagree
66f1aeb024eaa71730ee0d8f,rationale,Agree
66fd3f6c93c24ecc119be354,rationale,Agree
670939463679b3968927066e,rationale,Neutral
6709725953883fa2a8fe6957,rationale,Agree
670ffdb6896bad5ab5d6f894,rationale,Strong agree
6713edf459846149d7bcc948,rationale,Agree
6715013670bed7e4e955f109,rationale,Agree
67150a8c59846149d7bd00f2,rationale,Disagree
671566748ec974a47ace455b,rationale,Agree
6718f7d06399295fc47821c0,rationale,Disagree
671a5b8dfc53e73310491a62,rationale,Neutral
67202234fd2f16cdb9c34721,rationale,Agree
67236d7fadd6365361bd7cc0,rationale,Neutral
6727964977929019f6ff8a5d,rationale,Agree
672b2e8321750551265ac390,rationale,Agree
672b8d3c37b9296c39c3f677,rationale,Agree
672c33aafed3be2f2a6ccfa0,rationale,Strong agree
672d027eb57569b5077e0cc4,rationale,Strong agree
672d2977ae54935ef84a2b74,rationale,Disagree
672f38145bf80a772f4ac20a,rationale,Strong agree
67320610635afc65498583cb,rationale,Strong agree
6734acb87201d0735d63632c,rationale,Agree
6737d9fe76856492fd1603ef,rationale,Agree
6738a38d5b42ebdad45239a4,rationale,Strong agree
6738dae02c5a63be153fbe29,rationale,Neutral
673b5c1281eb82f767f4d71c,rationale,Neutral
673bab950ce7fb673ff7eecc,rationale,Agree
673e1fe5947080d86c749aff,rationale,Neutral
6740fd7385a9299cf29bdf96,rationale,Neutral
6742f8bfd1cce3eadeee8c62,rationale,Neutral
6744d50e3bd8711b57216cd2,rationale,Strong agree
67465c29233ddf0c2040ced8,rationale,Strong agree
6747536d88cb6d53b9bed191,rationale,Strong agree
6751467d0ef4bb17c804e4c0,rationale,Agree
675590f1eeef66188a85e1cd,rationale,Disagree
67580f69a9a3cb759240904b,rationale,Agree
67591767ad41717a9710c4b8,rationale,Agree
6759718f66f6d338a0663100,rationale,Neutral
675af02593fabc7398d6447e,rationale,Disagree
675e06422af6e9cb4bcbd459,rationale,Agree
675e8e92f5b7ffad57a265b1,rationale,Agree
67605cad2b91076c10846479,rationale,Agree
676060fef2955d6112c7e224,rationale,Agree
67609dc51817400f95f9db14,rationale,Agree
6760c6a23c7512b7ca3383d0,rationale,Strong agree
676288b65215f42b28a98b3f,rationale,Neutral
67644c9e4a8508ec299135c5,rationale,Agree
67657ea1ad7558bf427f3a22,rationale,Disagree
67687d94d5edc29f07de0176,rationale,Neutral
676d0d8ea1b34584f966c1f6,rationale,Agree
676d3ef7769d39d4537e67d4,rationale,Strong agree
676ee670250de1d8b3e57b03,rationale,Disagree
676fb072a0f80a990bd4cd32,rationale,Disagree
67717e578f7fc3b6ff3c6ae8,rationale,Agree
677299ebbff623812504a11d,rationale,Strong agree
6772b66d08f724d93d1aab73,rationale,Agree
6772e1e5965ccca40d8cfba9,rationale,Agree
6773e8418b4496160ace9137,rationale,Agree
6775b6f1acaab15bb77f71af,rationale,Agree
677692c13cfeae70079e3caa,rationale,Strong agree
6777bc5eec85e7e2afa09d77,rationale,Agree
6777f8aafc72369e96bb6da6,rationale,Agree
6779cadff8dc4ddeecc54ce2,rationale,Agree
677a5d8e2115bfbb2fa0c73c,rationale,Strong agree
677be7f32b827fb2ae1eb7f0,rationale,Agree
677e74c8dd1dce11a8f96f88,rationale,Agree
678019571a2ac0496e597be5,rationale,Agree
6783379eb9fef4654886ead1,rationale,Agree
6788228f3fcc7c8b75b77522,rationale,Strong agree
67a688221058a62a9fa76a82,rationale,Disagree
566feba6b937e400052d33b2,omission,Disagree
56f699e876348f000c883bba,omission,Agree
577a3dfd92c50c0001c9488f,omission,Disagree
57b4a771cda70d0001534835,omission,Agree
57c357770e6a1f00015f6038,omission,Agree
57dd3b0e91b7fc0001493db9,omission,Strong disagree
58d43fb77c08be0001c24830,omission,Neutral
595d3afcdd044900012ce78a,omission,Agree
5962a5b29955ee00015bce98,omission,Agree
598f22af33481c000164d359,omission,Disagree
599442e6bf8bcf0001ab6857,omission,Neutral
5997043dbbe84800017964a7,omission,Disagree
599ab130b5566b0001aa85bb,omission,Agree
599acb2f6c165e000113fc70,omission,Agree
59baa4f5178f1b00018289b2,omission,Neutral
59d1f0fffaf42e00012b6c20,omission,Strong agree
59d3b07947f4e80001a6c551,omission,Agree
59dccd61e75b450001a689b7,omission,Agree
59e7232f24d7bf00012f112e,omission,Neutral
59ef022eae9f950001d84a43,omission,Strong disagree
5a57e4f7acc75b00017a2dcd,omission,Neutral
5a75b131eea3d300016ddc70,omission,Agree
5a9c41f2dbdb470001eeef9c,omission,Disagree
5a9c4b3d35237b000112a00e,omission,Neutral
5aafd9eff69e940001d88bf4,omission,Agree
5b2bcfb51835660001cc6751,omission,Agree
5b2bd649ed66460001e86e39,omission,Disagree
5b4a3ab1bc06c90001f902f4,omission,Agree
5bf53b3c87780800014ed5aa,omission,Agree
5c197c9c020cbb00011201fe,omission,Strong agree
5c37a0e7bef9a20001e3a497,omission,Disagree
5c407a2c41b3f9000195e19f,omission,Strong disagree
5c4602713d08e80001369876,omission,Agree
5c4a061161db8c00015e4fb0,omission,Strong disagree
5c59e12429f64c0001cc6436,omission,Agree
5c5b66cb3312f1000112f694,omission,Strong disagree
5c5d36bc034e280001644c3b,omission,Agree
5c5ff87f8c0552000109d7de,omission,Agree
5c72f9bf8711bf000139c5ee,omission,Agree
5cad1eef8ed53d00180d2532,omission,Agree
5cb87813635b940017c2037a,omission,Disagree
5cc99062d918560016acf6ac,omission,Disagree
5ce15b0ea7b516001828c646,omission,Agree
5cedaba627d8ce00018469bb,omission,Disagree
5d02a158c8a372001abf3b30,omission,Neutral
5d038adefda4bb00013f8afb,omission,Neutral
5d0a5d36d41b4b00172c3cc9,omission,Strong disagree
5d20c6d5b1e50a001c19e622,omission,Agree
5d3bfbebfd9694001a2d0f99,omission,Strong agree
5d6d729b679b200019c12498,omission,Disagree
5db7203e98ecdf000ae8d504,omission,Disagree
5dcfaad2dd9a740c2493fc28,omission,Strong agree
5e234e6d06121f5eceaba7f1,omission,Disagree
5e4feb8037713502e9ed364b,omission,Agree
5e7d1c1e70dd753a081a29d9,omission,Strong agree
5e7e1679f8a96f4be83e51e4,omission,Agree
5e9086ca917d9039e3c4cd25,omission,Strong disagree
5ecd61476e04500905a6eed2,omission,Disagree
5f04dc9fb117c31680c1a4f5,omission,Agree
5f05ef4bd552bc0009e5566c,omission,Neutral
5f0c86cbe4af1361b7158f3e,omission,Neutral
5f11eb333c6e2c0df5b92270,omission,Disagree
5f1beeacb55680420cfcae9e,omission,Agree
5f2f280854c3203084e218e5,omission,Strong disagree
5f35222b79aaa5065c8919bd,omission,Strong agree
5f4fbebb8bb76c0c01881651,omission,Agree
5f514593ea1e87365b9cb05f,omission,Disagree
5f653cb18aad310a9ee7c32d,omission,Disagree
5f70576bb22a006197aea6de,omission,Strong disagree
5fb8dc3c8e8e964121c6aa4c,omission,Neutral
5fd4d10b2f970406fe63ad96,omission,Disagree
5fef2fa9efea401f0b55a7c2,omission,Strong agree
6002ae1ea178912bfa128adf,omission,Disagree
600c125c46cf802e41733705,omission,Agree
604a4755d62e5590404b5426,omission,Disagree
604fa685e33606f9a0ee8189,omission,Strong disagree
60537fdcda0ac05f1c59c57f,omission,Strong agree
605731872f40ec675cdf1f0b,omission,Agree
605a25c743f7ab91b0881ddf,omission,Agree
609510855d0c8e5bd0bdaf98,omission,Disagree
609eda349f5d29975fbc2145,omission,Agree
60ae777b1f2abe681e903d0d,omission,Disagree
60d3867b6e7529fc77032b54,omission,Disagree
60fae066c4ab91522a85f075,omission,Disagree
6100105892a2248ae5d48498,omission,Disagree
6107b81f125c20be9e368b49,omission,Strong disagree
61166b2cec63d8ea49e36aac,omission,Strong disagree
61333ed3b980f519ee86c45c,omission,Agree
61572b39d8a0be3869ccd5ae,omission,Disagree
616c83fb9916289f401fb837,omission,Disagree
6234905bd877b34677aaa521,omission,Disagree
62a76cb3209f192d4ac62bec,omission,Strong disagree
62ac24c9af89f1f28aea1d11,omission,Disagree
62c5ebe612c40c7e32390bf6,omission,Strong disagree
62e3f7b224ec70641fd86b7b,omission,Neutral
62fbd2e4a303a0c6ff0874b1,omission,Neutral
63469da3cef76cc5b3523b97,omission,Disagree
6346e117e4e283094ff51b84,omission,Agree
638e2eed82fa613f2140ba13,omission,Strong disagree
6394a8f1f510b07aeaf465e0,omission,Disagree
6399d599c9d83e0ed0317ea2,omission,Agree
63e57ca5d6e126546cfc66bf,omission,Agree
63f85b1c3124fd03faff2126,omission,Disagree
640485331e13a7bfa4a43d46,omission,Neutral
6441204e8a1c0c51415ce0f8,omission,Disagree
6441795624090301ddeba81e,omission,Agree
6447cf4c43802edcd6b846bc,omission,Disagree
64784f5998230a548cb9cc60,omission,Disagree
648028bc524faa07ef0547eb,omission,Agree
6501b7fd7c5faeb580b81204,omission,Disagree
65030c046782881e902a5aaa,omission,Disagree
650ae1b2157df341fd193714,omission,Disagree
65456ebc819cdd5600552571,omission,Agree
6559e8fcb4e07db3db4e2165,omission,Agree
656f3c80f7ac5f41e230b9ee,omission,Disagree
6570824312e21ad0a49858f4,omission,Agree
657b2d22191dda04598ef38b,omission,Neutral
65ff48ba8866040c0d0649c5,omission,Agree
66084cde8c8b94db6ce51ac9,omission,Agree
660ed790b7c0b8649c41f432,omission,Disagree
6630f6bfbdc7906ef7c0ee24,omission,Agree
66338f4346e84e4f0469bc21,omission,Agree
663a28078139647b4663d09f,omission,Disagree
664b530d4cf8b88b68548a11,omission,Strong agree
6658b161dc9f95822cbcf443,omission,Strong disagree
6658b52898569e477b21cf41,omission,Strong disagree
6658c369bc36ded0ffe472b8,omission,Agree
6658c6e6298aedbc9b7ac19c,omission,Neutral
6658d13e8f1ee667f426421c,omission,Disagree
6658d9826d4ec610f1b0cc33,omission,Disagree
6659b0c46a1675f2d40e2586,omission,Strong disagree
6659f89651bdadba584e647c,omission,Disagree
665bae8786e39a9d3071ef7c,omission,Disagree
665e0faa748512c88de27385,omission,Disagree
665fa30eccda55b454554d95,omission,Disagree
6671adcf4074ec7382ad560e,omission,Disagree
6676e7538c7c4c68e18aa31a,omission,Disagree
66774233add67a4a8e71398e,omission,Disagree
6679886309dd90c237d80e5d,omission,Disagree
667ac4dcd237965bb30cb0d0,omission,Strong agree
6682935831ecbb91041102e5,omission,Disagree
6683b0f95482b81b9714b57c,omission,Agree
66847cc7c67232fae11af5b3,omission,Neutral
668c39cf43ce2932522f9d37,omission,Strong disagree
668d371bd614f22c3433ea48,omission,Neutral
668fa82eb6aad7177cb29ba0,omission,Disagree
669038b13e852687aaf4a1cb,omission,Agree
66912ce354d84162615be8ba,omission,Agree
66924f3f720e8dcc562ef6fd,omission,Strong disagree
66958ca9d7179281d46faf5d,omission,Agree
6697864e364c6864275e4a17,omission,Strong disagree
669d7d04ec742963733a5b35,omission,Agree
66a15c42533255e95d1d34a1,omission,Disagree
66a63fbb0a4f33f35327ed8b,omission,Strong disagree
66aa8dcfbc121dcef0433ecf,omission,Neutral
66b0829f976a969235a5ca75,omission,Disagree
66ba62aba868595bbef88f10,omission,Strong agree
66c5e698d9527f93c31cab42,omission,Disagree
66c746f450506abe4d80b5e1,omission,Disagree
66cf306107ad4fcf4bef6f2f,omission,Disagree
66d05ce2ebc84bef33af3a06,omission,Agree
66d9a01e46a5112c3146c2bd,omission,Agree
66df649422e557253882cee8,omission,Disagree
66edea9d406f629b67ce30b8,omission,Agree
66f1aeb024eaa71730ee0d8f,omission,Disagree
66fd3f6c93c24ecc119be354,omission,Neutral
670939463679b3968927066e,omission,Agree
6709725953883fa2a8fe6957,omission,Strong disagree
670ffdb6896bad5ab5d6f894,omission,Strong disagree
6713edf459846149d7bcc948,omission,Agree
6715013670bed7e4e955f109,omission,Strong agree
67150a8c59846149d7bd00f2,omission,Agree
671566748ec974a47ace455b,omission,Strong disagree
6718f7d06399295fc47821c0,omission,Agree
671a5b8dfc53e73310491a62,omission,Disagree
67202234fd2f16cdb9c34721,omission,Neutral
67236d7fadd6365361bd7cc0,omission,Agree
6727964977929019f6ff8a5d,omission,Agree
672b2e8321750551265ac390,omission,Disagree
672b8d3c37b9296c39c3f677,omission,Disagree
672c33aafed3be2f2a6ccfa0,omission,Strong disagree
672d027eb57569b5077e0cc4,omission,Strong disagree
672d2977ae54935ef84a2b74,omission,Agree
672f38145bf80a772f4ac20a,omission,Strong disagree
67320610635afc65498583cb,omission,Strong disagree
6734acb87201d0735d63632c,omission,Agree
6737d9fe76856492fd1603ef,omission,Agree
6738a38d5b42ebdad45239a4,omission,Neutral
6738dae02c5a63be153fbe29,omission,Agree
673b5c1281eb82f767f4d71c,omission,Neutral
673bab950ce7fb673ff7eecc,omission,Neutral
673e1fe5947080d86c749aff,omission,Disagree
6740fd7385a9299cf29bdf96,omission,Disagree
6742f8bfd1cce3eadeee8c62,omission,Agree
6744d50e3bd8711b57216cd2,omission,Strong disagree
67465c29233ddf0c2040ced8,omission,Disagree
6747536d88cb6d53b9bed191,omission,Disagree
6751467d0ef4bb17c804e4c0,omission,Strong agree
675590f1eeef66188a85e1cd,omission,Agree
67580f69a9a3cb759240904b,omission,Disagree
67591767ad41717a9710c4b8,omission,Agree
6759718f66f6d338a0663100,omission,Agree
675af02593fabc7398d6447e,omission,Strong agree
675e06422af6e9cb4bcbd459,omission,Disagree
675e8e92f5b7ffad57a265b1,omission,Disagree
67605cad2b91076c10846479,omission,Agree
676060fef2955d6112c7e224,omission,Agree
67609dc51817400f95f9db14,omission,Disagree
6760c6a23c7512b7ca3383d0,omission,Disagree
676288b65215f42b28a98b3f,omission,Neutral
67644c9e4a8508ec299135c5,omission,Disagree
67657ea1ad7558bf427f3a22,omission,Agree
67687d94d5edc29f07de0176,omission,Disagree
676d0d8ea1b34584f966c1f6,omission,Agree
676d3ef7769d39d4537e67d4,omission,Disagree
676ee670250de1d8b3e57b03,omission,Strong agree
676fb072a0f80a990bd4cd32,omission,Disagree
67717e578f7fc3b6ff3c6ae8,omission,Disagree
677299ebbff623812504a11d,omission,Strong disagree
6772b66d08f724d93d1aab73,omission,Agree
6772e1e5965ccca40d8cfba9,omission,Disagree
6773e8418b4496160ace9137,omission,Agree
6775b6f1acaab15bb77f71af,omission,Disagree
677692c13cfeae70079e3caa,omission,Strong disagree
6777bc5eec85e7e2afa09d77,omission,Disagree
6777f8aafc72369e96bb6da6,omission,Agree
6779cadff8dc4ddeecc54ce2,omission,Disagree
677a5d8e2115bfbb2fa0c73c,omission,Strong disagree
677be7f32b827fb2ae1eb7f0,omission,Agree
677e74c8dd1dce11a8f96f88,omission,Strong agree
678019571a2ac0496e597be5,omission,Agree
6783379eb9fef4654886ead1,omission,Neutral
6788228f3fcc7c8b75b77522,omission,Agree
67a688221058a62a9fa76a82,omission,Agree
566feba6b937e400052d33b2,was_human,Agree
56f699e876348f000c883bba,was_human,Strong disagree
577a3dfd92c50c0001c9488f,was_human,Disagree
57b4a771cda70d0001534835,was_human,Agree
57c357770e6a1f00015f6038,was_human,Agree
57dd3b0e91b7fc0001493db9,was_human,Disagree
58d43fb77c08be0001c24830,was_human,Disagree
595d3afcdd044900012ce78a,was_human,Disagree
5962a5b29955ee00015bce98,was_human,Agree
598f22af33481c000164d359,was_human,Agree
599442e6bf8bcf0001ab6857,was_human,Strong agree
5997043dbbe84800017964a7,was_human,Disagree
599ab130b5566b0001aa85bb,was_human,Disagree
599acb2f6c165e000113fc70,was_human,Neutral
59baa4f5178f1b00018289b2,was_human,Disagree
59d1f0fffaf42e00012b6c20,was_human,Disagree
59d3b07947f4e80001a6c551,was_human,Strong disagree
59dccd61e75b450001a689b7,was_human,Strong disagree
59e7232f24d7bf00012f112e,was_human,Agree
59ef022eae9f950001d84a43,was_human,Strong agree
5a57e4f7acc75b00017a2dcd,was_human,Agree
5a75b131eea3d300016ddc70,was_human,Agree
5a9c41f2dbdb470001eeef9c,was_human,Agree
5a9c4b3d35237b000112a00e,was_human,Disagree
5aafd9eff69e940001d88bf4,was_human,Agree
5b2bcfb51835660001cc6751,was_human,Agree
5b2bd649ed66460001e86e39,was_human,Agree
5b4a3ab1bc06c90001f902f4,was_human,Agree
5bf53b3c87780800014ed5aa,was_human,Disagree
5c197c9c020cbb00011201fe,was_human,Neutral
5c37a0e7bef9a20001e3a497,was_human,Disagree
5c407a2c41b3f9000195e19f,was_human,Neutral
5c4602713d08e80001369876,was_human,Disagree
5c4a061161db8c00015e4fb0,was_human,Agree
5c59e12429f64c0001cc6436,was_human,Strong disagree
5c5b66cb3312f1000112f694,was_human,Disagree
5c5d36bc034e280001644c3b,was_human,Disagree
5c5ff87f8c0552000109d7de,was_human,Agree
5c72f9bf8711bf000139c5ee,was_human,Disagree
5cad1eef8ed53d00180d2532,was_human,Strong agree
5cb87813635b940017c2037a,was_human,Agree
5cc99062d918560016acf6ac,was_human,Neutral
5ce15b0ea7b516001828c646,was_human,Disagree
5cedaba627d8ce00018469bb,was_human,Strong disagree
5d02a158c8a372001abf3b30,was_human,Disagree
5d038adefda4bb00013f8afb,was_human,Neutral
5d0a5d36d41b4b00172c3cc9,was_human,Strong agree
5d20c6d5b1e50a001c19e622,was_human,Neutral
5d3bfbebfd9694001a2d0f99,was_human,Disagree
5d6d729b679b200019c12498,was_human,Disagree
5db7203e98ecdf000ae8d504,was_human,Strong agree
5dcfaad2dd9a740c2493fc28,was_human,Strong disagree
5e234e6d06121f5eceaba7f1,was_human,Agree
5e4feb8037713502e9ed364b,was_human,Disagree
5e7d1c1e70dd753a081a29d9,was_human,Strong disagree
5e7e1679f8a96f4be83e51e4,was_human,Agree
5e9086ca917d9039e3c4cd25,was_human,Disagree
5ecd61476e04500905a6eed2,was_human,Disagree
5f04dc9fb117c31680c1a4f5,was_human,Neutral
5f05ef4bd552bc0009e5566c,was_human,Disagree
5f0c86cbe4af1361b7158f3e,was_human,Disagree
5f11eb333c6e2c0df5b92270,was_human,Disagree
5f1beeacb55680420cfcae9e,was_human,Disagree
5f2f280854c3203084e218e5,was_human,Strong agree
5f35222b79aaa5065c8919bd,was_human,Disagree
5f4fbebb8bb76c0c01881651,was_human,Disagree
5f514593ea1e87365b9cb05f,was_human,Agree
5f653cb18aad310a9ee7c32d,was_human,Disagree
5f70576bb22a006197aea6de,was_human,Strong agree
5fb8dc3c8e8e964121c6aa4c,was_human,Agree
5fd4d10b2f970406fe63ad96,was_human,Strong disagree
5fef2fa9efea401f0b55a7c2,was_human,Strong disagree
6002ae1ea178912bfa128adf,was_human,Agree
600c125c46cf802e41733705,was_human,Strong disagree
604a4755d62e5590404b5426,was_human,Agree
604fa685e33606f9a0ee8189,was_human,Neutral
60537fdcda0ac05f1c59c57f,was_human,Agree
605731872f40ec675cdf1f0b,was_human,Disagree
605a25c743f7ab91b0881ddf,was_human,Agree
609510855d0c8e5bd0bdaf98,was_human,Agree
609eda349f5d29975fbc2145,was_human,Disagree
60ae777b1f2abe681e903d0d,was_human,Disagree
60d3867b6e7529fc77032b54,was_human,Agree
60fae066c4ab91522a85f075,was_human,Strong disagree
6100105892a2248ae5d48498,was_human,Strong agree
6107b81f125c20be9e368b49,was_human,Disagree
61166b2cec63d8ea49e36aac,was_human,Strong agree
61333ed3b980f519ee86c45c,was_human,Neutral
61572b39d8a0be3869ccd5ae,was_human,Disagree
616c83fb9916289f401fb837,was_human,Disagree
6234905bd877b34677aaa521,was_human,Disagree
62a76cb3209f192d4ac62bec,was_human,Strong agree
62ac24c9af89f1f28aea1d11,was_human,Disagree
62c5ebe612c40c7e32390bf6,was_human,Agree
62e3f7b224ec70641fd86b7b,was_human,Agree
62fbd2e4a303a0c6ff0874b1,was_human,Disagree
63469da3cef76cc5b3523b97,was_human,Disagree
6346e117e4e283094ff51b84,was_human,Agree
638e2eed82fa613f2140ba13,was_human,Agree
6394a8f1f510b07aeaf465e0,was_human,Agree
6399d599c9d83e0ed0317ea2,was_human,Agree
63e57ca5d6e126546cfc66bf,was_human,Strong disagree
63f85b1c3124fd03faff2126,was_human,Strong agree
640485331e13a7bfa4a43d46,was_human,Strong disagree
6441204e8a1c0c51415ce0f8,was_human,Agree
6441795624090301ddeba81e,was_human,Neutral
6447cf4c43802edcd6b846bc,was_human,Disagree
64784f5998230a548cb9cc60,was_human,Disagree
648028bc524faa07ef0547eb,was_human,Agree
6501b7fd7c5faeb580b81204,was_human,Neutral
65030c046782881e902a5aaa,was_human,Neutral
650ae1b2157df341fd193714,was_human,Neutral
65456ebc819cdd5600552571,was_human,Disagree
6559e8fcb4e07db3db4e2165,was_human,Agree
656f3c80f7ac5f41e230b9ee,was_human,Neutral
6570824312e21ad0a49858f4,was_human,Strong disagree
657b2d22191dda04598ef38b,was_human,Disagree
65ff48ba8866040c0d0649c5,was_human,Neutral
66084cde8c8b94db6ce51ac9,was_human,Strong disagree
660ed790b7c0b8649c41f432,was_human,Disagree
6630f6bfbdc7906ef7c0ee24,was_human,Disagree
66338f4346e84e4f0469bc21,was_human,Agree
663a28078139647b4663d09f,was_human,Disagree
664b530d4cf8b88b68548a11,was_human,Disagree
6658b161dc9f95822cbcf443,was_human,Strong agree
6658b52898569e477b21cf41,was_human,Disagree
6658c369bc36ded0ffe472b8,was_human,Agree
6658c6e6298aedbc9b7ac19c,was_human,Disagree
6658d13e8f1ee667f426421c,was_human,Disagree
6658d9826d4ec610f1b0cc33,was_human,Agree
6659b0c46a1675f2d40e2586,was_human,Agree
6659f89651bdadba584e647c,was_human,Agree
665bae8786e39a9d3071ef7c,was_human,Neutral
665e0faa748512c88de27385,was_human,Disagree
665fa30eccda55b454554d95,was_human,Disagree
6671adcf4074ec7382ad560e,was_human,Disagree
6676e7538c7c4c68e18aa31a,was_human,Agree
66774233add67a4a8e71398e,was_human,Disagree
6679886309dd90c237d80e5d,was_human,Agree
667ac4dcd237965bb30cb0d0,was_human,Disagree
6682935831ecbb91041102e5,was_human,Agree
6683b0f95482b81b9714b57c,was_human,Agree
66847cc7c67232fae11af5b3,was_human,Strong agree
668c39cf43ce2932522f9d37,was_human,Strong agree
668d371bd614f22c3433ea48,was_human,Strong disagree
668fa82eb6aad7177cb29ba0,was_human,Agree
669038b13e852687aaf4a1cb,was_human,Agree
66912ce354d84162615be8ba,was_human,Agree
66924f3f720e8dcc562ef6fd,was_human,Agree
66958ca9d7179281d46faf5d,was_human,Agree
6697864e364c6864275e4a17,was_human,Disagree
669d7d04ec742963733a5b35,was_human,Agree
66a15c42533255e95d1d34a1,was_human,Agree
66a63fbb0a4f33f35327ed8b,was_human,Neutral
66aa8dcfbc121dcef0433ecf,was_human,Strong disagree
66b0829f976a969235a5ca75,was_human,Strong disagree
66ba62aba868595bbef88f10,was_human,Agree
66c5e698d9527f93c31cab42,was_human,Agree
66c746f450506abe4d80b5e1,was_human,Neutral
66cf306107ad4fcf4bef6f2f,was_human,Strong agree
66d05ce2ebc84bef33af3a06,was_human,Strong disagree
66d9a01e46a5112c3146c2bd,was_human,Disagree
66df649422e557253882cee8,was_human,Disagree
66edea9d406f629b67ce30b8,was_human,Agree
66f1aeb024eaa71730ee0d8f,was_human,Agree
66fd3f6c93c24ecc119be354,was_human,Disagree
670939463679b3968927066e,was_human,Agree
6709725953883fa2a8fe6957,was_human,Disagree
670ffdb6896bad5ab5d6f894,was_human,Agree
6713edf459846149d7bcc948,was_human,Disagree
6715013670bed7e4e955f109,was_human,Agree
67150a8c59846149d7bd00f2,was_human,Disagree
671566748ec974a47ace455b,was_human,Agree
6718f7d06399295fc47821c0,was_human,Strong disagree
671a5b8dfc53e73310491a62,was_human,Strong disagree
67202234fd2f16cdb9c34721,was_human,Strong agree
67236d7fadd6365361bd7cc0,was_human,Agree
6727964977929019f6ff8a5d,was_human,Strong disagree
672b2e8321750551265ac390,was_human,Disagree
672b8d3c37b9296c39c3f677,was_human,Neutral
672c33aafed3be2f2a6ccfa0,was_human,Disagree
672d027eb57569b5077e0cc4,was_human,Strong agree
672d2977ae54935ef84a2b74,was_human,Disagree
672f38145bf80a772f4ac20a,was_human,Strong agree
67320610635afc65498583cb,was_human,Strong agree
6734acb87201d0735d63632c,was_human,Disagree
6737d9fe76856492fd1603ef,was_human,Disagree
6738a38d5b42ebdad45239a4,was_human,Disagree
6738dae02c5a63be153fbe29,was_human,Strong disagree
673b5c1281eb82f767f4d71c,was_human,Strong agree
673bab950ce7fb673ff7eecc,was_human,Disagree
673e1fe5947080d86c749aff,was_human,Disagree
6740fd7385a9299cf29bdf96,was_human,Agree
6742f8bfd1cce3eadeee8c62,was_human,Strong disagree
6744d50e3bd8711b57216cd2,was_human,Neutral
67465c29233ddf0c2040ced8,was_human,Strong agree
6747536d88cb6d53b9bed191,was_human,Strong agree
6751467d0ef4bb17c804e4c0,was_human,Neutral
675590f1eeef66188a85e1cd,was_human,Strong disagree
67580f69a9a3cb759240904b,was_human,Neutral
67591767ad41717a9710c4b8,was_human,Agree
6759718f66f6d338a0663100,was_human,Disagree
675af02593fabc7398d6447e,was_human,Disagree
675e06422af6e9cb4bcbd459,was_human,Disagree
675e8e92f5b7ffad57a265b1,was_human,Agree
67605cad2b91076c10846479,was_human,Disagree
676060fef2955d6112c7e224,was_human,Agree
67609dc51817400f95f9db14,was_human,Agree
6760c6a23c7512b7ca3383d0,was_human,Disagree
676288b65215f42b28a98b3f,was_human,Agree
67644c9e4a8508ec299135c5,was_human,Strong disagree
67657ea1ad7558bf427f3a22,was_human,Agree
67687d94d5edc29f07de0176,was_human,Neutral
676d0d8ea1b34584f966c1f6,was_human,Agree
676d3ef7769d39d4537e67d4,was_human,Neutral
676ee670250de1d8b3e57b03,was_human,Strong disagree
676fb072a0f80a990bd4cd32,was_human,Disagree
67717e578f7fc3b6ff3c6ae8,was_human,Disagree
677299ebbff623812504a11d,was_human,Agree
6772b66d08f724d93d1aab73,was_human,Neutral
6772e1e5965ccca40d8cfba9,was_human,Disagree
6773e8418b4496160ace9137,was_human,Agree
6775b6f1acaab15bb77f71af,was_human,Disagree
677692c13cfeae70079e3caa,was_human,Strong agree
6777bc5eec85e7e2afa09d77,was_human,Agree
6777f8aafc72369e96bb6da6,was_human,Agree
6779cadff8dc4ddeecc54ce2,was_human,Disagree
677a5d8e2115bfbb2fa0c73c,was_human,Agree
677be7f32b827fb2ae1eb7f0,was_human,Agree
677e74c8dd1dce11a8f96f88,was_human,Disagree
678019571a2ac0496e597be5,was_human,Agree
6783379eb9fef4654886ead1,was_human,Strong agree
6788228f3fcc7c8b75b77522,was_human,Neutral
67a688221058a62a9fa76a82,was_human,Disagree
